Abilene Chr,Arizona St,0.11649865847286744
Abilene Chr,Auburn,0.03661375003936018
Abilene Chr,Baylor,0.09605179077623838
Abilene Chr,Belmont,0.18826176720968912
Abilene Chr,Bradley,0.3256306308565309
Abilene Chr,Buffalo,0.08656630204715465
Abilene Chr,Cincinnati,0.05352499928404153
Abilene Chr,Colgate,0.43780607641977676
Abilene Chr,Duke,0.021292620255709216
Abilene Chr,F Dickinson,0.610056201259964
Abilene Chr,Florida,0.10027514994005937
Abilene Chr,Florida St,0.061269337093408316
Abilene Chr,Gardner Webb,0.5895609041681611
Abilene Chr,Georgia St,0.309870449482768
Abilene Chr,Gonzaga,0.028481052581083688
Abilene Chr,Houston,0.046310921243527314
Abilene Chr,Iona,0.47690371127957043
Abilene Chr,Iowa,0.13615418056543982
Abilene Chr,Iowa St,0.07986626009544273
Abilene Chr,Kansas,0.06269929667076768
Abilene Chr,Kansas St,0.08033245998056704
Abilene Chr,Kentucky,0.042270858883700524
Abilene Chr,Liberty,0.2884098357235234
Abilene Chr,Louisville,0.09677740841260574
Abilene Chr,LSU,0.060056193635634636
Abilene Chr,Marquette,0.1106994837740618
Abilene Chr,Maryland,0.08316833974388405
Abilene Chr,Michigan,0.04986924173991314
Abilene Chr,Michigan St,0.03903994088717566
Abilene Chr,Minnesota,0.15479475936305742
Abilene Chr,Mississippi,0.15186852780899562
Abilene Chr,Mississippi St,0.08723037774940545
Abilene Chr,Montana,0.35688427850263915
Abilene Chr,Murray St,0.18907508906694115
Abilene Chr,N Dakota St,0.5322924187551601
Abilene Chr,N Kentucky,0.29891671872710657
Abilene Chr,NC Central,0.7914199483689446
Abilene Chr,Nevada,0.07759166804864637
Abilene Chr,New Mexico St,0.14347180539741688
Abilene Chr,North Carolina,0.033749676709364906
Abilene Chr,Northeastern,0.23518314288012254
Abilene Chr,Ohio St,0.11759145410572414
Abilene Chr,Oklahoma,0.13145921564430085
Abilene Chr,Old Dominion,0.24381186718858705
Abilene Chr,Oregon,0.08384497549478431
Abilene Chr,Prairie View,0.7065891969418066
Abilene Chr,Purdue,0.05388785706926125
Abilene Chr,Seton Hall,0.1163391681703605
Abilene Chr,St John's,0.16095657652311846
Abilene Chr,St Louis,0.23180407435570582
Abilene Chr,St Mary's CA,0.1412008476672414
Abilene Chr,Syracuse,0.1049088138188925
Abilene Chr,Temple,0.13999595240234286
Abilene Chr,Tennessee,0.04515289214237328
Abilene Chr,Texas Tech,0.03759217543450799
Abilene Chr,UC Irvine,0.2150376169814895
Abilene Chr,UCF,0.1063110595174116
Abilene Chr,Utah St,0.1242850161216521
Abilene Chr,VCU,0.1650150574129814
Abilene Chr,Vermont,0.25053116432932365
Abilene Chr,Villanova,0.054541642699143966
Abilene Chr,Virginia,0.022028758518876534
Abilene Chr,Virginia Tech,0.05971219875694367
Abilene Chr,Washington,0.10490705404557699
Abilene Chr,Wisconsin,0.09550440282151706
Abilene Chr,Wofford,0.23777418490223956
Abilene Chr,Yale,0.32633496301305553
Arizona St,Auburn,0.21951965208909208
Arizona St,Baylor,0.44020705752898204
Arizona St,Belmont,0.6318631809569352
Arizona St,Bradley,0.7813495848779402
Arizona St,Buffalo,0.4122340852463372
Arizona St,Cincinnati,0.29503940783950067
Arizona St,Colgate,0.8521408855611855
Arizona St,Duke,0.1386785173056544
Arizona St,F Dickinson,0.9204964324685587
Arizona St,Florida,0.45199623160511615
Arizona St,Florida St,0.32570265150994593
Arizona St,Gardner Webb,0.9140180747542745
Arizona St,Georgia St,0.7686737788108394
Arizona St,Gonzaga,0.1782778605040718
Arizona St,Houston,0.26436621013689865
Arizona St,Iona,0.8709193323864083
Arizona St,Iowa,0.5384132524705263
Arizona St,Iowa St,0.39112095502216115
Arizona St,Kansas,0.3311272355642646
Arizona St,Kansas St,0.39262875338972236
Arizona St,Kentucky,0.24621458039628008
Arizona St,Liberty,0.7499682836835777
Arizona St,Louisville,0.4422605632951021
Arizona St,LSU,0.32104432630003443
Arizona St,Marquette,0.47949818301536196
Arizona St,Maryland,0.40167413766359295
Arizona St,Michigan,0.27976402243363985
Arizona St,Michigan St,0.2311578569323427
Arizona St,Minnesota,0.5754404299035125
Arizona St,Mississippi,0.5699242993825224
Arizona St,Mississippi St,0.4142634204606639
Arizona St,Montana,0.8041835292766684
Arizona St,Murray St,0.6330982535918019
Arizona St,N Dakota St,0.8938716029497593
Arizona St,N Kentucky,0.7593466881474452
Arizona St,NC Central,0.9656124702693266
Arizona St,Nevada,0.3836781680700375
Arizona St,New Mexico St,0.5534979529442843
Arizona St,North Carolina,0.20539840319192126
Arizona St,Northeastern,0.6947224193349653
Arizona St,Ohio St,0.49653105003481557
Arizona St,Oklahoma,0.5283308419932067
Arizona St,Old Dominion,0.7046769148867502
Arizona St,Oregon,0.4038007739445688
Arizona St,Prairie View,0.9468709286442949
Arizona St,Purdue,0.2965265924119408
Arizona St,Seton Hall,0.4935001762789286
Arizona St,St John's,0.5867230425832131
Arizona St,St Louis,0.6907035390021384
Arizona St,St Mary's CA,0.5488959849725692
Arizona St,Syracuse,0.46449204882866035
Arizona St,Temple,0.5464256832136216
Arizona St,Tennessee,0.2592377497717919
Arizona St,Texas Tech,0.22424812167916142
Arizona St,UC Irvine,0.6696804071139982
Arizona St,UCF,0.46818661377367643
Arizona St,Utah St,0.5122724182581972
Arizona St,VCU,0.5939179152132303
Arizona St,Vermont,0.7121361216271505
Arizona St,Villanova,0.29919322994418773
Arizona St,Virginia,0.14288050486629789
Arizona St,Virginia Tech,0.3197139026183129
Arizona St,Washington,0.4644873873402917
Arizona St,Wisconsin,0.4386501100738146
Arizona St,Wofford,0.6977573700792479
Arizona St,Yale,0.7818967467003695
Auburn,Baylor,0.7422502708097507
Auburn,Belmont,0.8627401143774265
Auburn,Bradley,0.9290091544250458
Auburn,Buffalo,0.719762081980297
Auburn,Cincinnati,0.605153772669379
Auburn,Colgate,0.954761417007528
Auburn,Duke,0.3709157567128858
Auburn,F Dickinson,0.9769581210983119
Auburn,Florida,0.751272563122942
Auburn,Florida St,0.6388399736710757
Auburn,Gardner Webb,0.9749553738168953
Auburn,Georgia St,0.9240616463984944
Auburn,Gonzaga,0.4427423292318372
Auburn,Houston,0.5682272575349515
Auburn,Iona,0.9611017489789323
Auburn,Iowa,0.8103022887344788
Auburn,Iowa St,0.7017021200313343
Auburn,Kansas,0.6444950615428184
Auburn,Kansas St,0.7030247883312162
Auburn,Kentucky,0.5446593839596
Auburn,Liberty,0.9165571393626704
Auburn,Louisville,0.7438405315960466
Auburn,LSU,0.6339134227369678
Auburn,Marquette,0.7713528438093935
Auburn,Maryland,0.7108518402756239
Auburn,Michigan,0.5871962373432892
Auburn,Michigan St,0.5240400354081456
Auburn,Minnesota,0.8323120419576633
Auburn,Mississippi,0.8291424035018298
Auburn,Mississippi St,0.7214470986306476
Auburn,Montana,0.9376532602719667
Auburn,Murray St,0.8633681029784845
Auburn,N Dakota St,0.9685965882001367
Auburn,N Kentucky,0.9203506057511133
Auburn,NC Central,0.990368973574671
Auburn,Nevada,0.6950962114342158
Auburn,New Mexico St,0.8194807138469449
Auburn,North Carolina,0.48628590184201637
Auburn,Northeastern,0.8928615953464142
Auburn,Ohio St,0.7831542072033945
Auburn,Oklahoma,0.8039967605797347
Auburn,Old Dominion,0.8973101821831891
Auburn,Oregon,0.712665661847961
Auburn,Prairie View,0.9849091038990985
Auburn,Purdue,0.6068584877682242
Auburn,Seton Hall,0.781088071468341
Auburn,St John's,0.8386820077838172
Auburn,St Louis,0.8910420542910357
Auburn,St Mary's CA,0.8167123522567475
Auburn,Syracuse,0.7605592235828496
Auburn,Temple,0.815214918815794
Auburn,Tennessee,0.5617051089714272
Auburn,Texas Tech,0.5142310490131834
Auburn,UC Irvine,0.8812958501728951
Auburn,UCF,0.7632522747733432
Auburn,Utah St,0.7936581731835579
Auburn,VCU,0.8426666940219413
Auburn,Vermont,0.9005902805775459
Auburn,Villanova,0.6098963598680311
Auburn,Virginia,0.3790577491360181
Auburn,Virginia Tech,0.6324942755915405
Auburn,Washington,0.7605558107583447
Auburn,Wisconsin,0.7410392051288064
Auburn,Wofford,0.8942266344097229
Auburn,Yale,0.9292202781806995
Baylor,Belmont,0.6831611251240812
Baylor,Bradley,0.8178230665341559
Baylor,Buffalo,0.4683876590014706
Baylor,Cincinnati,0.3445881639602264
Baylor,Colgate,0.8786397024632341
Baylor,Duke,0.16823470619430747
Baylor,F Dickinson,0.9356696157485583
Baylor,Florida,0.5088767747870516
Baylor,Florida St,0.3776423887208147
Baylor,Gardner Webb,0.930334073093148
Baylor,Georgia St,0.8067387349136165
Baylor,Gonzaga,0.21417514707583818
Baylor,Houston,0.3110365110688831
Baylor,Iona,0.8944695165342347
Baylor,Iowa,0.5943735999831203
Baylor,Iowa St,0.44658371390341367
Baylor,Kansas,0.38344011407089185
Baylor,Kansas St,0.4481479542869027
Baylor,Kentucky,0.29094782597042224
Baylor,Liberty,0.7902714292591697
Baylor,Louisville,0.49903162004535273
Baylor,LSU,0.3726517455568291
Baylor,Marquette,0.5364516835816264
Baylor,Maryland,0.4575089308169785
Baylor,Michigan,0.3279408098553084
Baylor,Michigan St,0.27415045747129163
Baylor,Minnesota,0.6299966723077014
Baylor,Mississippi,0.6247271080337773
Baylor,Mississippi St,0.4704721584751749
Baylor,Montana,0.8376395234562027
Baylor,Murray St,0.68431008147215
Baylor,N Dakota St,0.913649438265214
Baylor,N Kentucky,0.7985441869356756
Baylor,NC Central,0.9724331600730106
Baylor,Nevada,0.4388461946200607
Baylor,New Mexico St,0.6089577359895387
Baylor,North Carolina,0.24512753684017574
Baylor,Northeastern,0.7408536336323381
Baylor,Ohio St,0.5533568476775345
Baylor,Oklahoma,0.5845703944291468
Baylor,Old Dominion,0.7498455287211288
Baylor,Oregon,0.45970405565868766
Baylor,Prairie View,0.957244363953822
Baylor,Purdue,0.3462024511591043
Baylor,Seton Hall,0.5503582788141735
Baylor,St John's,0.6407346309676701
Baylor,St Louis,0.7372123358244691
Baylor,St Mary's CA,0.6045189551252594
Baylor,Syracuse,0.5214487921835238
Baylor,Temple,0.6021324634351382
Baylor,Tennessee,0.3053785260532068
Baylor,Texas Tech,0.2664008860446828
Baylor,UC Irvine,0.718060050157954
Baylor,UCF,0.5251521180399904
Baylor,Utah St,0.568864216240375
Baylor,VCU,0.647554041991254
Baylor,Vermont,0.7565580045222514
Baylor,Villanova,0.34909413212983376
Baylor,Virginia,0.17315221741527642
Baylor,Virginia Tech,0.371224389838822
Baylor,Washington,0.5214441156834753
Baylor,Wisconsin,0.49536933988610865
Baylor,Wofford,0.7435992278865531
Baylor,Yale,0.8183001804782908
Belmont,Bradley,0.6784084413098573
Belmont,Buffalo,0.29280105065601436
Belmont,Cincinnati,0.1981155272303068
Belmont,Colgate,0.7728388250927412
Belmont,Duke,0.08679664376645135
Belmont,F Dickinson,0.8723646321773502
Belmont,Florida,0.3274613458817952
Belmont,Florida St,0.22187593958772633
Belmont,Gardner Webb,0.8625498925378924
Belmont,Georgia St,0.6623437893022674
Belmont,Gonzaga,0.11353402137996349
Belmont,Houston,0.17501718710640135
Belmont,Iona,0.7993169209405189
Belmont,Iowa,0.40778616175892757
Belmont,Iowa St,0.2749434877439313
Belmont,Kansas,0.22615125273027858
Belmont,Kansas St,0.2762065827623843
Belmont,Kentucky,0.16165225220248858
Belmont,Liberty,0.6390773659458506
Belmont,Louisville,0.31884736135513325
Belmont,LSU,0.21822200523955737
Belmont,Marquette,0.3522566506967191
Belmont,Maryland,0.28382318762547143
Belmont,Michigan,0.18653049818631795
Belmont,Michigan St,0.15073267811242286
Belmont,Minnesota,0.4444804178575188
Belmont,Mississippi,0.43892181983532896
Belmont,Mississippi St,0.2945370692625393
Belmont,Montana,0.7079748041075846
Belmont,Murray St,0.5046124418831808
Belmont,N Dakota St,0.8325531732695904
Belmont,N Kentucky,0.6506777897142536
Belmont,NC Central,0.9431059222191188
Belmont,Nevada,0.2687357302573975
Belmont,New Mexico St,0.4225614430940615
Belmont,North Carolina,0.13239225322127002
Belmont,Northeastern,0.5732710626329733
Belmont,Ohio St,0.36796492511949486
Belmont,Oklahoma,0.398040509653115
Belmont,Old Dominion,0.5848190935760641
Belmont,Oregon,0.2856237278799443
Belmont,Prairie View,0.9132007123938598
Belmont,Purdue,0.19925224174314493
Belmont,Seton Hall,0.3651496559828522
Belmont,St John's,0.45595289632358904
Belmont,St Louis,0.5686460533811377
Belmont,St Mary's CA,0.4180288976442208
Belmont,Syracuse,0.3386418320986264
Belmont,Temple,0.4156049438521141
Belmont,Tennessee,0.1712185927809765
Belmont,Texas Tech,0.14577119474322486
Belmont,UC Irvine,0.5447942530735418
Belmont,UCF,0.3419746301552834
Belmont,Utah St,0.3827288276123446
Belmont,VCU,0.46334203292315024
Belmont,Vermont,0.5935595457161271
Belmont,Villanova,0.20129441220852373
Belmont,Virginia,0.08959011431288988
Belmont,Virginia Tech,0.21718138310433988
Belmont,Washington,0.33863763492727816
Belmont,Wisconsin,0.31567417467173864
Belmont,Wofford,0.576777878744143
Belmont,Yale,0.6791074123565071
Bradley,Buffalo,0.16440093841450687
Bradley,Cincinnati,0.10506834793823683
Bradley,Colgate,0.617839650121106
Bradley,Duke,0.04321410494851341
Bradley,F Dickinson,0.764589433852884
Bradley,Florida,0.18790029762380167
Bradley,Florida St,0.11933006087177533
Bradley,Gardner Webb,0.7488728710110626
Bradley,Georgia St,0.4824408313927089
Bradley,Gonzaga,0.05736946212796168
Bradley,Houston,0.09157945814251034
Bradley,Iona,0.6543031431263746
Bradley,Iowa,0.24654088403516894
Bradley,Iowa St,0.15268363743158975
Bradley,Kansas,0.12193907331428844
Bradley,Kansas St,0.15350398023769218
Bradley,Kentucky,0.08393784660039838
Bradley,Liberty,0.45694187460218505
Bradley,Louisville,0.18196422278448166
Bradley,LSU,0.11711072418519242
Bradley,Marquette,0.20535478848668798
Bradley,Maryland,0.15847782641313746
Bradley,Michigan,0.09825764860789055
Bradley,Michigan St,0.07778081329608344
Bradley,Minnesota,0.2754748935277538
Bradley,Mississippi,0.27099879615169387
Bradley,Mississippi St,0.16555388751415778
Bradley,Montana,0.5353276259657098
Bradley,Murray St,0.32616722326844916
Bradley,N Dakota St,0.7026207855509445
Bradley,N Kentucky,0.4695372203696875
Bradley,NC Central,0.8873511455142232
Bradley,Nevada,0.14867028553719264
Bradley,New Mexico St,0.25801922437592295
Bradley,North Carolina,0.06761016666519093
Bradley,Northeastern,0.38964316527603626
Bradley,Ohio St,0.21670382358040952
Bradley,Oklahoma,0.23909302118442655
Bradley,Old Dominion,0.400967891460834
Bradley,Oregon,0.1596604628191277
Bradley,Prairie View,0.8333190699786971
Bradley,Purdue,0.1057415913231754
Bradley,Seton Hall,0.2146528011492861
Bradley,St John's,0.28482172587758325
Bradley,St Louis,0.3851624613499639
Bradley,St Mary's CA,0.25447381944204817
Bradley,Syracuse,0.19570233813032356
Bradley,Temple,0.2525866301265861
Bradley,Tennessee,0.08939557174385626
Bradley,Texas Tech,0.07500851391690944
Bradley,UC Irvine,0.36253846421644287
Bradley,UCF,0.19804964168525563
Bradley,Utah St,0.22758401600932898
Bradley,VCU,0.29092052269344726
Bradley,Vermont,0.4096718836546315
Bradley,Villanova,0.10695336644355002
Bradley,Virginia,0.04467352911510725
Bradley,Virginia Tech,0.11648042577137874
Bradley,Washington,0.19569938834079115
Bradley,Wisconsin,0.179793726937435
Bradley,Wofford,0.39306135736823256
Bradley,Yale,0.5014126955394865
Buffalo,Cincinnati,0.38023075860099664
Buffalo,Colgate,0.8941599859289882
Buffalo,Duke,0.19095058682524946
Buffalo,F Dickinson,0.9443584356413361
Buffalo,Florida,0.5473218813419847
Buffalo,Florida St,0.41454149057671363
Buffalo,Gardner Webb,0.9396970960879597
Buffalo,Georgia St,0.8296716277870976
Buffalo,Gonzaga,0.24129461574662725
Buffalo,Houston,0.3450356538685957
Buffalo,Iona,0.9081769513373893
Buffalo,Iowa,0.6309793352660226
Buffalo,Iowa St,0.48496985595906494
Buffalo,Kansas,0.42052293256080475
Buffalo,Kansas St,0.48655034165716293
Buffalo,Kentucky,0.3237830587816515
Buffalo,Liberty,0.8147095722525135
Buffalo,Louisville,0.5375470340398449
Buffalo,LSU,0.4093839777404603
Buffalo,Marquette,0.5745429388769163
Buffalo,Maryland,0.49599251380631426
Buffalo,Michigan,0.36281468129024486
Buffalo,Michigan St,0.30590786448425555
Buffalo,Minnesota,0.6651984541134102
Buffalo,Mississippi,0.6601597918516673
Buffalo,Mississippi St,0.5090230123240933
Buffalo,Montana,0.8575530932512754
Buffalo,Murray St,0.7166684630686735
Buffalo,N Dakota St,0.9250742631204986
Buffalo,N Kentucky,0.8222352012267661
Buffalo,NC Central,0.9762823577156114
Buffalo,Nevada,0.47714067092217805
Buffalo,New Mexico St,0.6450333431329534
Buffalo,North Carolina,0.27479574919609284
Buffalo,Northeastern,0.7693695889142734
Buffalo,Ohio St,0.5911177595117019
Buffalo,Oklahoma,0.6214974409423447
Buffalo,Old Dominion,0.7776689688045371
Buffalo,Oregon,0.498202712773253
Buffalo,Prairie View,0.9631339919928333
Buffalo,Purdue,0.38191472260442483
Buffalo,Seton Hall,0.5881840350416133
Buffalo,St John's,0.6754411162773777
Buffalo,St Louis,0.7660024177329188
Buffalo,St Mary's CA,0.6407624891494869
Buffalo,Syracuse,0.559761157113646
Buffalo,Temple,0.6384639058865724
Buffalo,Tennessee,0.339063570236822
Buffalo,Texas Tech,0.29762868454695923
Buffalo,UC Irvine,0.7482318048615089
Buffalo,UCF,0.5634162305014576
Buffalo,Utah St,0.6062469834552642
Buffalo,VCU,0.681928775214377
Buffalo,Vermont,0.7838500622899921
Buffalo,Villanova,0.384929072429924
Buffalo,Virginia,0.19637532100747135
Buffalo,Virginia Tech,0.4079074084201775
Buffalo,Washington,0.5597565389184032
Buffalo,Wisconsin,0.5339033364108527
Buffalo,Wofford,0.7719060799875017
Buffalo,Yale,0.8401330258335166
Cincinnati,Colgate,0.9306060722750205
Cincinnati,Duke,0.2725417745914025
Cincinnati,F Dickinson,0.9642105299877006
Cincinnati,Florida,0.6574466922741032
Cincinnati,Florida St,0.5291813960179903
Cincinnati,Gardner Webb,0.9611438589875572
Cincinnati,Georgia St,0.8854802092536046
Cincinnati,Gonzaga,0.33547741158389877
Cincinnati,Houston,0.4554057087379283
Cincinnati,Iona,0.9401195253198827
Cincinnati,Iowa,0.7307637758146859
Cincinnati,Iowa St,0.599154142823731
Cincinnati,Kansas,0.5353045422527498
Cincinnati,Kansas St,0.6006727500763871
Cincinnati,Kentucky,0.4318371372740928
Cincinnati,Liberty,0.874680024086887
Cincinnati,Louisville,0.6485227370617299
Cincinnati,LSU,0.5238738509578962
Cincinnati,Marquette,0.6818944084117089
Cincinnati,Maryland,0.6096997594698434
Cincinnati,Michigan,0.47474956925540057
Cincinnati,Michigan St,0.41162781990921893
Cincinnati,Minnesota,0.7592602452303086
Cincinnati,Mississippi,0.7551160496826376
Cincinnati,Mississippi St,0.6220307307783174
Cincinnati,Montana,0.905269303787773
Cincinnati,Murray St,0.8006044164683656
Cincinnati,N Dakota St,0.9514529684855334
Cincinnati,N Kentucky,0.8801283119770184
Cincinnati,NC Central,0.9849262702695122
Cincinnati,Nevada,0.591599006459188
Cincinnati,New Mexico St,0.7425679893084843
Cincinnati,North Carolina,0.3755816670085733
Cincinnati,Northeastern,0.8411534713495814
Cincinnati,Ohio St,0.6964963031292313
Cincinnati,Oklahoma,0.7227191081457152
Cincinnati,Old Dominion,0.8473820837663936
Cincinnati,Oregon,0.6118015900997154
Cincinnati,Prairie View,0.9764542657004478
Cincinnati,Purdue,0.49516303669012884
Cincinnati,Seton Hall,0.6939271752372089
Cincinnati,St John's,0.7676304855562159
Cincinnati,St Louis,0.8386144954669504
Cincinnati,St Mary's CA,0.7389957988862943
Cincinnati,Syracuse,0.668691625602525
Cincinnati,Temple,0.7370678426438122
Cincinnati,Tennessee,0.4488323948611509
Cincinnati,Texas Tech,0.4021451554359372
Cincinnati,UC Irvine,0.8250991994824278
Cincinnati,UCF,0.6719722927463438
Cincinnati,Utah St,0.7096416452194574
Cincinnati,VCU,0.7728949611820952
Cincinnati,Vermont,0.8519939239580216
Cincinnati,Villanova,0.49835053981247146
Cincinnati,Virginia,0.2794837181464652
Cincinnati,Virginia Tech,0.5223495515424601
Cincinnati,Washington,0.6686874737649309
Cincinnati,Wisconsin,0.6451762608589132
Cincinnati,Wofford,0.8430615193619235
Cincinnati,Yale,0.8929561413483207
Colgate,Duke,0.027733754870659655
Colgate,F Dickinson,0.6722636652988321
Colgate,Florida,0.12749643289505963
Colgate,Florida St,0.07882960796477556
Colgate,Gardner Webb,0.6531791801036075
Colgate,Georgia St,0.370556002909904
Colgate,Gonzaga,0.03701448685924025
Colgate,Houston,0.05985736281574072
Colgate,Iona,0.5444924497916341
Colgate,Iowa,0.17126141341491163
Colgate,Iowa St,0.10217640652186577
Colgate,Kansas,0.08063420129016219
Colgate,Kansas St,0.10275829268981174
Colgate,Kentucky,0.054703324346329296
Colgate,Liberty,0.347005768316054
Colgate,Louisville,0.12317917001141399
Colgate,LSU,0.07729739828941484
Colgate,Marquette,0.14030931127034008
Colgate,Maryland,0.1062943437832099
Colgate,Michigan,0.06438625971822431
Colgate,Michigan St,0.050572324942437796
Colgate,Minnesota,0.19363108122750572
Colgate,Mississippi,0.19013584523239158
Colgate,Mississippi St,0.11134870534337205
Colgate,Montana,0.4211582749705487
Colgate,Murray St,0.23412953899970246
Colgate,N Dakota St,0.5987459112267473
Colgate,N Kentucky,0.35857165833210547
Colgate,NC Central,0.8326322469145786
Colgate,Nevada,0.09933501648020882
Colgate,New Mexico St,0.18007256028555485
Colgate,North Carolina,0.043790532166115836
Colgate,Northeastern,0.28733163212353596
Colgate,Ohio St,0.14873642089818517
Colgate,Oklahoma,0.16558791071272805
Colgate,Old Dominion,0.29713033938430455
Colgate,Oregon,0.10713714053654066
Colgate,Prairie View,0.7594686286556722
Colgate,Purdue,0.06948914372736292
Colgate,Seton Hall,0.14720778980837257
Colgate,St John's,0.20097124241431608
Colgate,St Louis,0.2834810184430264
Colgate,St Mary's CA,0.17734221462653665
Colgate,Syracuse,0.13320175259507305
Colgate,Temple,0.17589208203656892
Colgate,Tennessee,0.05838133393922296
Colgate,Texas Tech,0.04871857201366181
Colgate,UC Irvine,0.26426257402886555
Colgate,UCF,0.13492516563128987
Colgate,Utah St,0.1568876207744967
Colgate,VCU,0.2057912168877114
Colgate,Vermont,0.3047269146383381
Colgate,Villanova,0.07031814150911753
Colgate,Virginia,0.028686052048589428
Colgate,Virginia Tech,0.07686272341559386
Colgate,Washington,0.13319958885213
Colgate,Wisconsin,0.12160563402020319
Colgate,Wofford,0.29027914438616786
Colgate,Yale,0.38843012302679514
Duke,F Dickinson,0.9861672453447841
Duke,Florida,0.8354927603980342
Duke,Florida St,0.748379668054987
Duke,Gardner Webb,0.984952605478609
Duke,Georgia St,0.953403516863312
Duke,Gonzaga,0.5719022343986369
Duke,Houston,0.6887492254717413
Duke,Iona,0.9764957064177034
Duke,Iowa,0.8777862779445808
Duke,Iowa St,0.7981984802063217
Duke,Kansas,0.7529827728148353
Duke,Kansas St,0.7992157088576906
Duke,Kentucky,0.6679152574910273
Duke,Liberty,0.9486375076343564
Duke,Louisville,0.8300078288319633
Duke,LSU,0.7443493815884423
Duke,Marquette,0.8501301431728665
Duke,Maryland,0.8052099997516553
Duke,Michigan,0.7051706240008586
Duke,Michigan St,0.6492833520255127
Duke,Minnesota,0.8930001017850419
Duke,Mississippi,0.8908271228269118
Duke,Mississippi St,0.8132560097267859
Duke,Montana,0.9619596508847745
Duke,Murray St,0.9139782782504109
Duke,N Dakota St,0.9810828485582814
Duke,N Kentucky,0.9510504302256636
Duke,NC Central,0.9942497438130291
Duke,Nevada,0.7930994270335067
Duke,New Mexico St,0.8841662865229003
Duke,North Carolina,0.6141489550188506
Duke,Northeastern,0.9333898711348845
Duke,Ohio St,0.8586108048067937
Duke,Oklahoma,0.8733733687075079
Duke,Old Dominion,0.9362757516840623
Duke,Oregon,0.8065929589941734
Duke,Prairie View,0.9909698394477482
Duke,Purdue,0.7218751828267644
Duke,Seton Hall,0.8571324726819155
Duke,St John's,0.8973490342570786
Duke,St Louis,0.9322063641657534
Duke,St Mary's CA,0.8822473728529112
Duke,Syracuse,0.8422950023260526
Duke,Temple,0.8812074742647596
Duke,Tennessee,0.6830320879563516
Duke,Texas Tech,0.6402837301827657
Duke,UC Irvine,0.9258358018523308
Duke,UCF,0.8442570001253072
Duke,Utah St,0.8660846722006388
Duke,VCU,0.9000572838294034
Duke,Vermont,0.9383966674021017
Duke,Villanova,0.724427880834843
Duke,Virginia,0.506526312445716
Duke,Virginia Tech,0.7431849050288911
Duke,Washington,0.8422925129348399
Duke,Wisconsin,0.8279308354886864
Duke,Wofford,0.9342765534105171
Duke,Yale,0.9566623829184041
F Dickinson,Florida,0.06558027785590947
F Dickinson,Florida St,0.03947817489657057
F Dickinson,Gardner Webb,0.47493873225116023
F Dickinson,Georgia St,0.22042272255749662
F Dickinson,Gonzaga,0.01812625394795664
F Dickinson,Houston,0.029671735230024532
F Dickinson,Iona,0.3647212371985058
F Dickinson,Iowa,0.09029108039257794
F Dickinson,Iowa St,0.051826044769698765
F Dickinson,Kansas,0.04042145187173041
F Dickinson,Kansas St,0.052137841249076944
F Dickinson,Kentucky,0.027042079171981537
F Dickinson,Liberty,0.20333178480781333
F Dickinson,Louisville,0.06320772358564197
F Dickinson,LSU,0.038678722313200686
F Dickinson,Marquette,0.0726892204492322
F Dickinson,Maryland,0.05403688248167071
F Dickinson,Michigan,0.03199446694033614
F Dickinson,Michigan St,0.024944835982916858
F Dickinson,Minnesota,0.1034042523340516
F Dickinson,Mississippi,0.10133303136436578
F Dickinson,Mississippi St,0.056764197694880725
F Dickinson,Montana,0.2589577495273695
F Dickinson,Murray St,0.12802771775130695
F Dickinson,N Dakota St,0.41747926587412354
F Dickinson,N Kentucky,0.21166115981493472
F Dickinson,NC Central,0.7049591848356156
F Dickinson,Nevada,0.05030637739994659
F Dickinson,New Mexico St,0.09541604916683255
F Dickinson,North Carolina,0.021521808711317147
F Dickinson,Northeastern,0.16222687880381093
F Dickinson,Ohio St,0.07742075254898273
F Dickinson,Oklahoma,0.08701829083347201
F Dickinson,Old Dominion,0.1687695456270436
F Dickinson,Oregon,0.05449059846426496
F Dickinson,Prairie View,0.6026205565282431
F Dickinson,Purdue,0.034625170455966026
F Dickinson,Seton Hall,0.07655914675807651
F Dickinson,St John's,0.10778126550243516
F Dickinson,St Louis,0.15967718647990836
F Dickinson,St Mary's CA,0.09382242605217328
F Dickinson,Syracuse,0.06873318591048272
F Dickinson,Temple,0.09297804990891134
F Dickinson,Tennessee,0.028917161919696954
F Dickinson,Texas Tech,0.024006718146273864
F Dickinson,UC Irvine,0.1471285116165999
F Dickinson,UCF,0.06968954311444686
F Dickinson,Utah St,0.08204030340073931
F Dickinson,VCU,0.11067580527620557
F Dickinson,Vermont,0.1738963183675366
F Dickinson,Villanova,0.035053913434900275
F Dickinson,Virginia,0.013986036436250182
F Dickinson,Virginia Tech,0.03845216588696598
F Dickinson,Washington,0.06873198636207667
F Dickinson,Wisconsin,0.06234581201044853
F Dickinson,Wofford,0.16418670113971467
F Dickinson,Yale,0.23374427466398695
Florida,Florida St,0.36994654878197586
Florida,Gardner Webb,0.92817271732462
Florida,Georgia St,0.8015607793618953
Florida,Gonzaga,0.20869349197220521
Florida,Houston,0.3040349204098144
Florida,Iona,0.891325453260422
Florida,Iowa,0.586422740875211
Florida,Iowa St,0.4384727662060953
Florida,Kansas,0.3756974476061117
Florida,Kansas St,0.4400311858755105
Florida,Kentucky,0.28421189717429085
Florida,Liberty,0.7847699811559707
Florida,Louisville,0.49081291605277466
Florida,LSU,0.3649979620339757
Florida,Marquette,0.5282665613290569
Florida,Maryland,0.4493606742269374
Florida,Michigan,0.3207358417963697
Florida,Michigan St,0.2676566167438613
Florida,Minnesota,0.6223003592867008
Florida,Mississippi,0.6169878232435566
Florida,Mississippi St,0.46228976946505906
Florida,Montana,0.8331182165380424
Florida,Murray St,0.6771645918075084
Florida,N Dakota St,0.9110199568901624
Florida,N Kentucky,0.7932029582845563
Florida,NC Central,0.9715379523995489
Florida,Nevada,0.43076639173427234
Florida,New Mexico St,0.6011008923107755
Florida,North Carolina,0.2390947136358509
Florida,Northeastern,0.7344914106485068
Florida,Ohio St,0.5452171693040926
Florida,Oklahoma,0.5765642722857575
Florida,Old Dominion,0.7436276699678537
Florida,Oregon,0.4515492452350206
Florida,Prairie View,0.9558782937703377
Florida,Purdue,0.33879852898321616
Florida,Seton Hall,0.5422091629017209
Florida,St John's,0.6331316064423194
Florida,St Louis,0.7307932007590072
Florida,St Mary's CA,0.596632002025784
Florida,Syracuse,0.5132391312827806
Florida,Temple,0.5942298630812568
Florida,Tennessee,0.2984491272058095
Florida,Texas Tech,0.2600248510000378
Florida,UC Irvine,0.7113562538007472
Florida,UCF,0.5169471351608715
Florida,Utah St,0.560782830816384
Florida,VCU,0.6400142524979224
Florida,Vermont,0.7504514653089
Florida,Villanova,0.3416606853651435
Florida,Virginia,0.16849538491535476
Florida,Virginia Tech,0.36358293209102244
Florida,Washington,0.5132344494466088
Florida,Wisconsin,0.48715229931147896
Florida,Wofford,0.7372805077277289
Florida,Yale,0.8133603218587623
Florida St,Gardner Webb,0.9551000383603754
Florida St,Georgia St,0.8692681804799539
Florida St,Gonzaga,0.3027169831908808
Florida St,Houston,0.4183060222933901
Florida St,Iona,0.9310401352478223
Florida St,Iowa,0.7000681258728723
Florida St,Iowa St,0.5624381554213176
Florida St,Kansas,0.4976437042809244
Florida St,Kansas St,0.5639946390615089
Florida St,Kentucky,0.3952639286305385
Florida St,Liberty,0.8571856569762798
Florida St,Louisville,0.6134110369072039
Florida St,LSU,0.48617583934413233
Florida St,Marquette,0.6483085766903741
Florida St,Maryland,0.5732617360248645
Florida St,Michigan,0.4373395280409106
Florida St,Michigan St,0.3756345957530506
Florida St,Minnesota,0.7306158320104591
Florida St,Mississippi,0.7261563855542585
Florida St,Mississippi St,0.5859621470108205
Florida St,Montana,0.8915155049749544
Florida St,Murray St,0.7754242862777482
Florida St,N Dakota St,0.9439896333806872
Florida St,N Kentucky,0.863275625651413
Florida St,NC Central,0.9825143515706155
Florida St,Nevada,0.5547053115631638
Florida St,New Mexico St,0.7126890172251599
Florida St,North Carolina,0.34091407948843744
Florida St,Northeastern,0.8199423283088249
Florida St,Ohio St,0.6636917992305252
Florida St,Oklahoma,0.69149348786017
Florida St,Old Dominion,0.8268314350031959
Florida St,Oregon,0.5754231462904569
Florida St,Prairie View,0.9727242982587362
Florida St,Purdue,0.4575456506019492
Florida St,Seton Hall,0.6609801487058193
Florida St,St John's,0.739640487757947
Florida St,St Louis,0.8171380214706776
Florida St,St Mary's CA,0.7088647722449463
Florida St,Syracuse,0.6344590895118394
Florida St,Temple,0.7068025518445324
Florida St,Tennessee,0.41186322198011316
Florida St,Texas Tech,0.3664646589493239
Florida St,UC Irvine,0.8022482825914145
Florida St,UCF,0.637895172895123
Florida St,Utah St,0.6776002850028437
Florida St,VCU,0.7453287131205818
Florida St,Vermont,0.8319411170847402
Florida St,Villanova,0.46071198842855243
Florida St,Virginia,0.2501330546373326
Florida St,Virginia Tech,0.4846495763232296
Florida St,Washington,0.6344547431948908
Florida St,Wisconsin,0.6099313311638941
Florida St,Wofford,0.8220512615565669
Florida St,Yale,0.8776562189557063
Gardner Webb,Georgia St,0.23504739011227171
Gardner Webb,Gonzaga,0.019667516275024166
Gardner Webb,Houston,0.032162544537704285
Gardner Webb,Iona,0.38420149900683576
Gardner Webb,Iowa,0.09736002409280398
Gardner Webb,Iowa St,0.0560691456527338
Gardner Webb,Kansas,0.04377394265303236
Gardner Webb,Kansas St,0.05640495095402698
Gardner Webb,Kentucky,0.029318810602871226
Gardner Webb,Liberty,0.2171383422935952
Gardner Webb,Louisville,0.0683155263317412
Gardner Webb,LSU,0.04189298413134046
Gardner Webb,Marquette,0.07849901699100847
Gardner Webb,Maryland,0.058449830998247854
Gardner Webb,Michigan,0.03467329173850964
Gardner Webb,Michigan St,0.027049904941235603
Gardner Webb,Minnesota,0.11137414465180218
Gardner Webb,Mississippi,0.1091627206388025
Gardner Webb,Mississippi St,0.061385420515349454
Gardner Webb,Montana,0.2752364732080381
Gardner Webb,Murray St,0.13760419428824455
Gardner Webb,N Dakota St,0.437835319082993
Gardner Webb,N Kentucky,0.22587294154974313
Gardner Webb,NC Central,0.721959875201906
Gardner Webb,Nevada,0.05443220263114301
Gardner Webb,New Mexico St,0.1028408707202173
Gardner Webb,North Carolina,0.023344928001826415
Gardner Webb,Northeastern,0.173851426913875
Gardner Webb,Ohio St,0.08357464067126652
Gardner Webb,Oklahoma,0.09385744173965793
Gardner Webb,Old Dominion,0.18076176063281457
Gardner Webb,Oregon,0.058938291333495596
Gardner Webb,Prairie View,0.6223592284228725
Gardner Webb,Purdue,0.03751572170586792
Gardner Webb,Seton Hall,0.08265068444557555
Gardner Webb,St John's,0.11604485275681342
Gardner Webb,St Louis,0.17115635921418615
Gardner Webb,St Mary's CA,0.10113710420441202
Gardner Webb,Syracuse,0.07425210866845056
Gardner Webb,Temple,0.10023417956458713
Gardner Webb,Tennessee,0.031346674488425874
Gardner Webb,Texas Tech,0.026034734124022685
Gardner Webb,UC Irvine,0.15787504734965963
Gardner Webb,UCF,0.07527904908231553
Gardner Webb,Utah St,0.08852614863619701
Gardner Webb,VCU,0.1191316848421986
Gardner Webb,Vermont,0.186171234495353
Gardner Webb,Villanova,0.03797884857515832
Gardner Webb,Virginia,0.015180701916963968
Gardner Webb,Virginia Tech,0.04164841618648363
Gardner Webb,Washington,0.07425082048194853
Gardner Webb,Wisconsin,0.06738897426283907
Gardner Webb,Wofford,0.17592219322659997
Gardner Webb,Yale,0.24897052869603264
Georgia St,Gonzaga,0.06004070907995673
Georgia St,Houston,0.09568191010683658
Georgia St,Iona,0.6651560403927126
Georgia St,Iowa,0.25563166214087474
Georgia St,Iowa St,0.15904411795122597
Georgia St,Kansas,0.1272110845694655
Georgia St,Kansas St,0.1598921857865233
Georgia St,Kentucky,0.08773103958142858
Georgia St,Liberty,0.4689620480833653
Georgia St,Louisville,0.18927200161361268
Georgia St,LSU,0.12220303563619239
Georgia St,Marquette,0.21335693993083893
Georgia St,Maryland,0.1650326680936225
Georgia St,Michigan,0.10262546450803345
Georgia St,Michigan St,0.08132046668963089
Georgia St,Minnesota,0.2852286825425516
Georgia St,Mississippi,0.2806554910673488
Georgia St,Mississippi St,0.17234146495758385
Georgia St,Montana,0.5473315731661261
Georgia St,Murray St,0.33688132563199136
Georgia St,N Dakota St,0.7126230234793725
Georgia St,N Kentucky,0.4815948936504406
Georgia St,NC Central,0.892094267017141
Georgia St,Nevada,0.15489414108870203
Georgia St,New Mexico St,0.26738304844037475
Georgia St,North Carolina,0.07072246814978622
Georgia St,Northeastern,0.4012008920608682
Georgia St,Ohio St,0.22502298616643157
Georgia St,Oklahoma,0.24799956498757114
Georgia St,Old Dominion,0.41263443734496563
Georgia St,Oregon,0.16625455591343552
Georgia St,Prairie View,0.8399268273778036
Georgia St,Purdue,0.11040135798267481
Georgia St,Seton Hall,0.22291563363963074
Georgia St,St John's,0.29477181546117326
Georgia St,St Louis,0.3966736575908878
Georgia St,St Mary's CA,0.2637547142806581
Georgia St,Syracuse,0.2034246457220712
Georgia St,Temple,0.2618228691137908
Georgia St,Tennessee,0.09341025259147273
Georgia St,Texas Tech,0.07843273516181748
Georgia St,UC Irvine,0.37378456764367207
Georgia St,UCF,0.20584086785910516
Georgia St,Utah St,0.2361949154682157
Georgia St,VCU,0.30099400152945877
Georgia St,Vermont,0.42141352081760175
Georgia St,Villanova,0.11165986531761485
Georgia St,Virginia,0.04678296472839982
Georgia St,Virginia Tech,0.1215491032344197
Georgia St,Washington,0.20342160897440753
Georgia St,Wisconsin,0.18703426750946772
Georgia St,Wofford,0.4046532553241652
Georgia St,Yale,0.513496549480327
Gonzaga,Houston,0.6243349243807756
Gonzaga,Iona,0.9689465012127604
Gonzaga,Iowa,0.8436106688833092
Gonzaga,Iowa St,0.7481525439528883
Gonzaga,Kansas,0.6959942836091995
Gonzaga,Kansas St,0.7493428215498438
Gonzaga,Kentucky,0.6016828166764631
Gonzaga,Liberty,0.9327568398422766
Gonzaga,Louisville,0.7857328791577279
Gonzaga,LSU,0.6861991742650063
Gonzaga,Marquette,0.8098957336211393
Gonzaga,Maryland,0.7563721624675387
Gonzaga,Michigan,0.6423902468199887
Gonzaga,Michigan St,0.581662355300096
Gonzaga,Minnesota,0.8624120096944294
Gonzaga,Mississippi,0.8597154255833344
Gonzaga,Mississippi St,0.7658488509051957
Gonzaga,Montana,0.9499808438033167
Gonzaga,Murray St,0.8886393693892616
Gonzaga,N Dakota St,0.9749691944630395
Gonzaga,N Kentucky,0.9358653711565925
Gonzaga,NC Central,0.9923582283422739
Gonzaga,Nevada,0.742197370006251
Gonzaga,New Mexico St,0.8514728906235077
Gonzaga,North Carolina,0.5445060868962224
Gonzaga,Northeastern,0.9132260519256334
Gonzaga,Ohio St,0.820171533776281
Gonzaga,Oklahoma,0.838191217714674
Gonzaga,Old Dominion,0.9169077596359441
Gonzaga,Oregon,0.7579976478363701
Gonzaga,Prairie View,0.9880124255655657
Gonzaga,Purdue,0.660941555794299
Gonzaga,Seton Hall,0.8183763069435712
Gonzaga,St John's,0.8678201525903172
Gonzaga,St Louis,0.9117181661370353
Gonzaga,St Mary's CA,0.8491048065788955
Gonzaga,Syracuse,0.8004508883812627
Gonzaga,Temple,0.8478227043363389
Gonzaga,Tennessee,0.6180906769216505
Gonzaga,Texas Tech,0.5720711669569971
Gonzaga,UC Irvine,0.9036213791335661
Gonzaga,UCF,0.8028115939460208
Gonzaga,Utah St,0.829273284303939
Gonzaga,VCU,0.8711956395305317
Gonzaga,Vermont,0.919617952154135
Gonzaga,Villanova,0.6637930454669989
Gonzaga,Virginia,0.4353188227881254
Gonzaga,Virginia Tech,0.6848819587686403
Gonzaga,Washington,0.8004478949615033
Gonzaga,Wisconsin,0.783256190040888
Gonzaga,Wofford,0.9143565171987464
Gonzaga,Yale,0.9431141234530832
Houston,Iona,0.951375353418715
Houston,Iowa,0.771821081803727
Houston,Iowa St,0.6506877253396603
Houston,Kansas,0.5894216849133416
Houston,Kansas St,0.6521244530634429
Houston,Kentucky,0.4864438285056445
Houston,Liberty,0.8968874683009719
Houston,Louisville,0.696919962116699
Houston,LSU,0.5782734374781827
Houston,Marquette,0.7276263951959592
Houston,Maryland,0.660645467186511
Houston,Michigan,0.5297233852124611
Houston,Michigan St,0.46577398162262396
Houston,Minnesota,0.7971780757473037
Houston,Mississippi,0.7935090941618168
Houston,Mississippi St,0.6722321620140603
Houston,Montana,0.9225362076357038
Houston,Murray St,0.8334388554039573
Houston,N Dakota St,0.9606675608276746
Houston,N Kentucky,0.9014790343337254
Houston,NC Central,0.9878683885857888
Houston,Nevada,0.6435260039848258
Houston,New Mexico St,0.7823613151464567
Houston,North Carolina,0.4284389607636948
Houston,Northeastern,0.8684082066555248
Houston,Ohio St,0.7409266302751325
Houston,Oklahoma,0.7646080234280694
Houston,Old Dominion,0.8737285496768776
Houston,Oregon,0.6626247580024573
Houston,Prairie View,0.981018096963803
Houston,Purdue,0.5500253579902222
Houston,Seton Hall,0.73859244417966
Houston,St John's,0.8045692978810339
Houston,St Louis,0.8662355889702408
Houston,St Mary's CA,0.779177100345944
Houston,Syracuse,0.7155298578359186
Houston,Temple,0.7774565695235087
Houston,Tennessee,0.5036829822768996
Houston,Texas Tech,0.45601070737015115
Houston,UC Irvine,0.8546324674563646
Houston,UCF,0.7185419426943251
Houston,Utah St,0.7528305174704962
Houston,VCU,0.8092049068310898
Houston,Vermont,0.8776591900080675
Houston,Villanova,0.5531790428911123
Houston,Virginia,0.3258748495115029
Houston,Virginia Tech,0.576782600590382
Houston,Washington,0.7155260432544811
Houston,Wisconsin,0.6938167302463754
Houston,Wofford,0.8700394548974038
Houston,Yale,0.9122498573341647
Iona,Iowa,0.14681950140755284
Iona,Iowa St,0.08656423298193572
Iona,Kansas,0.06806406228664763
Iona,Kansas St,0.08706583110533628
Iona,Kentucky,0.04597343133621934
Iona,Liberty,0.3067664121849484
Iona,Louisville,0.10473220309951703
Iona,LSU,0.06521054041172614
Iona,Marquette,0.11964704024884198
Iona,Maryland,0.09011611924729968
Iona,Michigan,0.05419970376451311
Iona,Michigan St,0.042472062195362925
Iona,Minnesota,0.16663857587722963
Iona,Mississippi,0.16353176903433886
Iona,Mississippi St,0.09448252499009291
Iona,Montana,0.37728833156944896
Iona,Murray St,0.20291210845451368
Iona,N Dakota St,0.5540847948860608
Iona,N Kentucky,0.31764351784100553
Iona,NC Central,0.8055491876048819
Iona,Nevada,0.08411632123716206
Iona,New Mexico St,0.154607744625751
Iona,North Carolina,0.036734493300090265
Iona,Northeastern,0.25134859507606155
Iona,Ohio St,0.12701650743679094
Iona,Oklahoma,0.1418171438172836
Iona,Old Dominion,0.2603685091767328
Iona,Oregon,0.0908436795319556
Iona,Prairie View,0.7244642358111706
Iona,Purdue,0.058545778350900135
Iona,Seton Hall,0.12567814531162536
Iona,St John's,0.1731752544134808
Iona,St Louis,0.24781252085836103
Iona,St Mary's CA,0.15219184037947187
Iona,Syracuse,0.11344803372512591
Iona,Temple,0.15090963740859187
Iona,Tennessee,0.049094965879410535
Iona,Texas Tech,0.04090243668548499
Iona,UC Irvine,0.23023519951168248
Iona,UCF,0.1149497595657979
Iona,Utah St,0.13416499321789455
Iona,VCU,0.1774766580804068
Iona,Vermont,0.26738275562552016
Iona,Villanova,0.05925253628445282
Iona,Virginia,0.024002728979683585
Iona,Virginia Tech,0.06483905862070871
Iona,Washington,0.1134461488668076
Iona,Wisconsin,0.10336653536459472
Iona,Wofford,0.25405857330725845
Iona,Yale,0.3459319176136144
Iowa,Iowa St,0.3553471719356218
Iowa,Kansas,0.2981537562475043
Iowa,Kansas St,0.3567978742046951
Iowa,Kentucky,0.21892906658982403
Iowa,Liberty,0.7201950364258227
Iowa,Louisville,0.4049199452955863
Iowa,LSU,0.2886416153701745
Iowa,Marquette,0.4415023276655494
Iowa,Maryland,0.36551455351103646
Iowa,Michigan,0.24999361940472986
Iowa,Michigan St,0.20508694755652668
Iowa,Minnesota,0.5376957118191592
Iowa,Mississippi,0.5320879434696963
Iowa,Mississippi St,0.3776859126843545
Iowa,Montana,0.7789634033075182
Iowa,Murray St,0.5968886258287075
Iowa,N Dakota St,0.8784569739031578
Iowa,N Kentucky,0.7302885803527355
Iowa,NC Central,0.9601533512967452
Iowa,Nevada,0.3481958399071724
Iowa,New Mexico St,0.5154451305878087
Iowa,North Carolina,0.18154673037209856
Iowa,Northeastern,0.6613412532590595
Iowa,Ohio St,0.4583740929529061
Iowa,Oklahoma,0.490109039018811
Iowa,Old Dominion,0.6718701272984517
Iowa,Oregon,0.36756735471668855
Iowa,Prairie View,0.9386256446507656
Iowa,Purdue,0.2656303057844467
Iowa,Seton Hall,0.4553654727289099
Iowa,St John's,0.5491955798065045
Iowa,St Louis,0.6570998249509837
Iowa,St Mary's CA,0.5107976038499424
Iowa,Syracuse,0.42671046213460806
Iowa,Temple,0.5083055601885167
Iowa,Tennessee,0.2309511961933145
Iowa,Texas Tech,0.19875505941792848
Iowa,UC Irvine,0.6349996326816594
Iowa,UCF,0.4303460126963018
Iowa,Utah St,0.47404476408212703
Iowa,VCU,0.556549989806952
Iowa,Vermont,0.6797814170504255
Iowa,Villanova,0.26812499580104765
Iowa,Virginia,0.12514527547836607
Iowa,Virginia Tech,0.28738863270074666
Iowa,Washington,0.42670587768295554
Iowa,Wisconsin,0.4013949428965542
Iowa,Wofford,0.6645478241123047
Iowa,Yale,0.7546818296136105
Iowa St,Kansas,0.43618815994434845
Iowa St,Kansas St,0.5025421257792537
Iowa St,Kentucky,0.3379462206153896
Iowa St,Liberty,0.824174090616635
Iowa St,Louisville,0.5534083739550281
Iowa St,LSU,0.4249385447932943
Iowa St,Marquette,0.590102957184236
Iowa St,Maryland,0.5119851830954105
Iowa St,Michigan,0.37773147601106827
Iowa St,Michigan St,0.31965873778765874
Iowa St,Minnesota,0.6792936655903297
Iowa St,Mississippi,0.6743632879823398
Iowa St,Mississippi St,0.5249981832776385
Iowa St,Montana,0.8651913059236397
Iowa St,Murray St,0.7294780078896683
Iowa St,N Dakota St,0.9293900063494044
Iowa St,N Kentucky,0.8313948681555132
Iowa St,NC Central,0.9777195417597271
Iowa St,Nevada,0.4931202096916789
Iowa St,New Mexico St,0.6595430037690457
Iowa St,North Carolina,0.28772784180396904
Iowa St,Northeastern,0.7805261567762565
Iowa St,Ohio St,0.6064867790411836
Iowa St,Oklahoma,0.636426894808807
Iowa St,Old Dominion,0.7885344085572387
Iowa St,Oregon,0.5141939417280157
Iowa St,Prairie View,0.9653396228155358
Iowa St,Purdue,0.39712736986212627
Iowa St,Seton Hall,0.6035893770182383
Iowa St,St John's,0.6893065181950416
Iowa St,St Louis,0.7772747164192163
Iowa St,St Mary's CA,0.6553534483890568
Iowa St,Syracuse,0.575462320307206
Iowa St,Temple,0.6530976811222138
Iowa St,Tennessee,0.3535456788550285
Iowa St,Texas Tech,0.3111742453019404
Iowa St,UC Irvine,0.7600920491111097
Iowa St,UCF,0.5790850588443124
Iowa St,Utah St,0.6214115425054167
Iowa St,VCU,0.6956419084578176
Iowa St,Vermont,0.7944932545099024
Iowa St,Villanova,0.4001840492059058
Iowa St,Virginia,0.20666861485039045
Iowa St,Virginia Tech,0.42344609608163497
Iowa St,Washington,0.5754577418998065
Iowa St,Wisconsin,0.5497849798600998
Iowa St,Wofford,0.7829745587606957
Iowa St,Yale,0.8485403507339097
Kansas,Kansas St,0.556411969465921
Kansas,Kentucky,0.3879313854165909
Kansas,Liberty,0.8533763474091549
Kansas,Louisville,0.6060875376032981
Kansas,LSU,0.4784912204448162
Kansas,Marquette,0.6412595450590035
Kansas,Maryland,0.5657161323742701
Kansas,Michigan,0.429781167112966
Kansas,Michigan St,0.3684443364012219
Kansas,Minnesota,0.7245154983762616
Kansas,Mississippi,0.7199937683017366
Kansas,Mississippi St,0.5784759849998715
Kansas,Montana,0.8885027743684185
Kansas,Murray St,0.770019254977302
Kansas,N Dakota St,0.9423399148910653
Kansas,N Kentucky,0.8596021490593417
Kansas,NC Central,0.9819776693680724
Kansas,Nevada,0.5470908222130764
Kansas,New Mexico St,0.7063458890233052
Kansas,North Carolina,0.33403286535388144
Kansas,Northeastern,0.8153536092669342
Kansas,Ohio St,0.6567878685924522
Kansas,Oklahoma,0.6848893129819136
Kansas,Old Dominion,0.8223802507708249
Kansas,Oregon,0.5678869527239948
Kansas,Prairie View,0.9718957277996592
Kansas,Purdue,0.4499173158417431
Kansas,Seton Hall,0.6540495678975062
Kansas,St John's,0.733670024033471
Kansas,St Louis,0.8124941786485022
Kansas,St Mary's CA,0.702472461163754
Kansas,Syracuse,0.627292053042432
Kansas,Temple,0.7003840997560312
Kansas,Tennessee,0.40442868159060563
Kansas,Texas Tech,0.35934890356468674
Kansas,UC Irvine,0.7973200997103522
Kansas,UCF,0.6307562983556813
Kansas,Utah St,0.6708402707091178
Kansas,VCU,0.7394427386934961
Kansas,Vermont,0.8275938874035171
Kansas,Villanova,0.45307495552079324
Kansas,Virginia,0.2444047295659224
Kansas,Virginia Tech,0.4769666879150358
Kansas,Washington,0.6272876715692199
Kansas,Wisconsin,0.6025846202562933
Kansas,Wofford,0.8175043258601966
Kansas,Yale,0.874312863086676
Kansas St,Kentucky,0.32896569768336115
Kansas St,Liberty,0.8182418019315617
Kansas St,Louisville,0.5434017099381558
Kansas St,LSU,0.41509570888693303
Kansas St,Marquette,0.5802949379399076
Kansas St,Maryland,0.5018857814907305
Kansas St,Michigan,0.3682818230329108
Kansas St,Michigan St,0.31093594640346045
Kansas St,Minnesota,0.6704278775385306
Kansas St,Mississippi,0.6654283325350323
Kansas St,Mississippi St,0.5149129299805331
Kansas St,Montana,0.8604085265327043
Kansas St,Murray St,0.7214306208219992
Kansas St,N Dakota St,0.9266918986526337
Kansas St,N Kentucky,0.8256546688441081
Kansas St,NC Central,0.9768221184501884
Kansas St,Nevada,0.4830246133064138
Kansas St,New Mexico St,0.650412206745381
Kansas St,North Carolina,0.2795183911143423
Kansas St,Northeastern,0.7735258776384482
Kansas St,Ohio St,0.5968029298683237
Kansas St,Oklahoma,0.6270267283235895
Kansas St,Old Dominion,0.781718125212814
Kansas St,Oregon,0.5040959758469581
Kansas St,Prairie View,0.963961934702531
Kansas St,Purdue,0.3874946480483814
Kansas St,Seton Hall,0.5938819715983608
Kansas St,St John's,0.6805873757421385
Kansas St,St Louis,0.7702012631426655
Kansas St,St Mary's CA,0.6461705695679092
Kansas St,Syracuse,0.5655618888757443
Kansas St,Temple,0.6438873584891445
Kansas St,Tennessee,0.3443662395826885
Kansas St,Texas Tech,0.30258000785293226
Kansas St,UC Irvine,0.752646556068533
Kansas St,UCF,0.5692058662636656
Kansas St,Utah St,0.611859920726822
Kansas St,VCU,0.6870198320304006
Kansas St,Vermont,0.7878173614532772
Kansas St,Villanova,0.3905252123640657
Kansas St,Virginia,0.2001221398181111
Kansas St,Virginia Tech,0.4136129655713029
Kansas St,Washington,0.5655572843036962
Kansas St,Wisconsin,0.5397646467796239
Kansas St,Wofford,0.7760299644421189
Kansas St,Yale,0.8432738358657899
Kentucky,Liberty,0.898330601614928
Kentucky,Louisville,0.7002263560401
Kentucky,LSU,0.5820980363997093
Kentucky,Marquette,0.7307272334988666
Kentucky,Maryland,0.6641568901502455
Kentucky,Michigan,0.5336331895509615
Kentucky,Michigan St,0.4696831903615053
Kentucky,Minnesota,0.7997050659251406
Kentucky,Mississippi,0.7960701028470595
Kentucky,Mississippi St,0.675682549317735
Kentucky,Montana,0.923650926711258
Kentucky,Murray St,0.8356072319172796
Kentucky,N Dakota St,0.9612566065755749
Kentucky,N Kentucky,0.9028648651705423
Kentucky,NC Central,0.988055137669557
Kentucky,Nevada,0.6471199491851791
Kentucky,New Mexico St,0.7850231269846445
Kentucky,North Carolina,0.43228837798517217
Kentucky,Northeastern,0.8701922393922717
Kentucky,Ohio St,0.7439293394354597
Kentucky,Oklahoma,0.7674224177451733
Kentucky,Old Dominion,0.8754507977974506
Kentucky,Oregon,0.6661260508404521
Kentucky,Prairie View,0.9813083013895533
Kentucky,Purdue,0.5539085144466418
Kentucky,Seton Hall,0.7416127724330911
Kentucky,St John's,0.8070264915713354
Kentucky,St Louis,0.8680446008956049
Kentucky,St Mary's CA,0.781866998263806
Kentucky,Syracuse,0.7187151722789038
Kentucky,Temple,0.7801615124613307
Kentucky,Tennessee,0.5076080438143691
Kentucky,Texas Tech,0.4599085168876058
Kentucky,UC Irvine,0.8565724164521782
Kentucky,UCF,0.7217066474464509
Kentucky,Utah St,0.7557407419666523
Kentucky,VCU,0.8116174627710674
Kentucky,Vermont,0.8793352309884622
Kentucky,Villanova,0.5570569008838815
Kentucky,Virginia,0.3293337299571185
Kentucky,Virginia Tech,0.5806109142906783
Kentucky,Washington,0.7187113836193066
Kentucky,Wisconsin,0.6971422664378024
Kentucky,Wofford,0.8718046369651461
Kentucky,Yale,0.9134987197108181
Liberty,Louisville,0.21564421539178613
Liberty,LSU,0.1408537807269269
Liberty,Marquette,0.24208296601451174
Liberty,Maryland,0.18881406927905842
Liberty,Michigan,0.1186922804620163
Liberty,Michigan St,0.0944027059393463
Liberty,Minnesota,0.31969870772378406
Liberty,Mississippi,0.31481626471568636
Liberty,Mississippi St,0.19692767287445379
Liberty,Montana,0.5874441329941946
Liberty,Murray St,0.3743245435326634
Liberty,N Dakota St,0.7449148185901594
Liberty,N Kentucky,0.5224501288008322
Liberty,NC Central,0.9068552781373657
Liberty,Nevada,0.1775251911142146
Liberty,New Mexico St,0.3006034198460058
Liberty,North Carolina,0.08225242712841396
Liberty,Northeastern,0.441038298031583
Liberty,Ohio St,0.25481092620663226
Liberty,Oklahoma,0.2797312126221072
Liberty,Old Dominion,0.45274874880305815
Liberty,Oregon,0.1901719296675758
Liberty,Prairie View,0.8607098607199666
Liberty,Purdue,0.12751256731459337
Liberty,Seton Hall,0.2525155050941912
Liberty,St John's,0.3298628950882525
Liberty,St Louis,0.436389138301845
Liberty,St Mary's CA,0.29670686155388404
Liberty,Syracuse,0.23120644757721398
Liberty,Temple,0.2946302468676958
Liberty,Tennessee,0.10820832235366096
Liberty,Texas Tech,0.09109648296530615
Liberty,UC Irvine,0.41277625958098685
Liberty,UCF,0.23385577861597984
Liberty,Utah St,0.2669523330576702
Liberty,VCU,0.33647239494212233
Liberty,Vermont,0.46171041297326143
Liberty,Villanova,0.12893786040406874
Liberty,Virginia,0.05463952219078627
Liberty,Virginia Tech,0.14011597544330812
Liberty,Washington,0.231203116473368
Liberty,Wisconsin,0.2131766713859352
Liberty,Wofford,0.44457895010150483
Liberty,Yale,0.5541651005714556
Louisville,LSU,0.37720937224557316
Louisville,Marquette,0.541284139383542
Louisville,Maryland,0.46233953221935475
Louisville,Michigan,0.3322412073629958
Louisville,Michigan St,0.27803730276639393
Louisville,Minnesota,0.6345183268750971
Louisville,Mississippi,0.6292752649102471
Louisville,Mississippi St,0.4753197074045734
Louisville,Montana,0.8402670385886384
Louisville,Murray St,0.68849618371271
Louisville,N Dakota St,0.9151714402073815
Louisville,N Kentucky,0.8016545755980694
Louisville,NC Central,0.972949725058612
Louisville,Nevada,0.4436408904537109
Louisville,New Mexico St,0.6135787961501475
Louisville,North Carolina,0.2487439132396868
Louisville,Northeastern,0.7445698255688391
Louisville,Ohio St,0.5581582222441709
Louisville,Oklahoma,0.5892852740901922
Louisville,Old Dominion,0.7534756830756582
Louisville,Oregon,0.4645379875005524
Louisville,Prairie View,0.9580332631990941
Louisville,Purdue,0.3506173861872597
Louisville,Seton Hall,0.555165975093115
Louisville,St John's,0.6451989641379848
Louisville,St Louis,0.7409624870136069
Louisville,St Mary's CA,0.609158803395064
Louisville,Syracuse,0.5262995432821291
Louisville,Temple,0.6067820982583694
Louisville,Tennessee,0.30951931931306786
Louisville,Texas Tech,0.270218762580523
Louisville,UC Irvine,0.7219804434085797
Louisville,UCF,0.529999165496813
Louisville,Utah St,0.573627335881656
Louisville,VCU,0.6519796624277303
Louisville,Vermont,0.7601219112694945
Louisville,Villanova,0.35352600333743645
Louisville,Virginia,0.17595424820896455
Louisville,Virginia Tech,0.37577501611629893
Louisville,Washington,0.526294871122238
Louisville,Wisconsin,0.5002310816536242
Louisville,Wofford,0.747289477783335
Louisville,Yale,0.8211738524297876
LSU,Marquette,0.65631457155199
LSU,Maryland,0.5818742956555882
LSU,Michigan,0.44604447345296383
LSU,Michigan St,0.3839494445826973
LSU,Minnesota,0.737506789553003
LSU,Mississippi,0.7331197483037961
LSU,Mississippi St,0.5944996951849654
LSU,Montana,0.8948827544479626
LSU,Murray St,0.7815117979980153
LSU,N Dakota St,0.9458271092994238
LSU,N Kentucky,0.8673890295263631
LSU,NC Central,0.9831105977414388
LSU,Nevada,0.563407156846133
LSU,New Mexico St,0.7198627202517291
LSU,North Carolina,0.34888983502002724
LSU,Northeastern,0.82509529366942
LSU,Ohio St,0.6715250340956636
LSU,Oklahoma,0.6989728772295247
LSU,Old Dominion,0.8318276821147738
LSU,Oregon,0.5840237373164426
LSU,Prairie View,0.9736454225647746
LSU,Purdue,0.4663194604664257
LSU,Seton Hall,0.6688450289794897
LSU,St John's,0.7463807275796497
LSU,St Louis,0.8223538538922711
LSU,St Mary's CA,0.7160959234587965
LSU,Syracuse,0.6426065567890897
LSU,Temple,0.7140642629542995
LSU,Tennessee,0.42043999351933825
LSU,Texas Tech,0.37469834114455014
LSU,UC Irvine,0.8077889188307964
LSU,UCF,0.646008784625845
LSU,Utah St,0.6852631916887042
LSU,VCU,0.7519710760643007
LSU,Vermont,0.8368190352060236
LSU,Villanova,0.4694939647740227
LSU,Virginia,0.25681252289712464
LSU,Virginia Tech,0.4934703190785277
LSU,Washington,0.6426022527760344
LSU,Wisconsin,0.6182965903766915
LSU,Wofford,0.827156595248396
LSU,Yale,0.8813964175474364
Marquette,Maryland,0.4226544484788576
Marquette,Michigan,0.29754328149619047
Marquette,Michigan St,0.24690709114770826
Marquette,Minnesota,0.5964492082648511
Marquette,Mississippi,0.5910120340013526
Marquette,Mississippi St,0.43542276325322704
Marquette,Montana,0.8174637850269126
Marquette,Murray St,0.652974515408651
Marquette,N Dakota St,0.9018118910491433
Marquette,N Kentucky,0.7748162953619032
Marquette,NC Central,0.9683751676830639
Marquette,Nevada,0.4043537491599566
Marquette,New Mexico St,0.5747902005418305
Marquette,North Carolina,0.21989455066442865
Marquette,Northeastern,0.7127748624121069
Marquette,Ohio St,0.5181750688959432
Marquette,Oklahoma,0.5498471707732517
Marquette,Old Dominion,0.7223759409133054
Marquette,Oregon,0.4248132972590748
Marquette,Prairie View,0.9510630149586604
Marquette,Purdue,0.31490536225177357
Marquette,Seton Hall,0.5151472596895272
Marquette,St John's,0.607554275310886
Marquette,St Louis,0.7088940534754249
Marquette,St Mary's CA,0.570237291610299
Marquette,Syracuse,0.48608785349268724
Marquette,Temple,0.5677918343244468
Marquette,Tennessee,0.27621281135827835
Marquette,Texas Tech,0.23967333781492062
Marquette,UC Irvine,0.6885498206384513
Marquette,UCF,0.4897970809360944
Marquette,Utah St,0.5338749969767616
Marquette,VCU,0.6146246934721016
Marquette,Vermont,0.7295596734191101
Marquette,Villanova,0.31766264469639405
Marquette,Virginia,0.15381852487355585
Marquette,Virginia Tech,0.33883760130495577
Marquette,Washington,0.48608317200134665
Marquette,Wisconsin,0.46007667523936513
Marquette,Wofford,0.7157037861527237
Marquette,Yale,0.7963056402755339
Maryland,Michigan,0.36167511078771086
Maryland,Michigan St,0.30486151553360563
Maryland,Minnesota,0.6640990000312028
Maryland,Mississippi,0.6590522722077812
Maryland,Mississippi St,0.507790184991439
Maryland,Montana,0.8569494712605468
Maryland,Murray St,0.7156657839128728
Maryland,N Dakota St,0.9247316503392967
Maryland,N Kentucky,0.8215130684504788
Maryland,NC Central,0.9761678715949685
Maryland,Nevada,0.475910213184917
Maryland,New Mexico St,0.6439031181477659
Maryland,North Carolina,0.2738138372408536
Maryland,Northeastern,0.7684931666564147
Maryland,Ohio St,0.5899250028078227
Maryland,Oklahoma,0.62033638568136
Maryland,Old Dominion,0.7768149361729783
Maryland,Oregon,0.49696956558299965
Maryland,Prairie View,0.9629584461799866
Maryland,Purdue,0.38075100855763255
Maryland,Seton Hall,0.586988699769642
Maryland,St John's,0.6743588319586477
Maryland,St Louis,0.7651171062499538
Maryland,St Mary's CA,0.6396262629968317
Maryland,Syracuse,0.5585452412361356
Maryland,Temple,0.6373245245333504
Maryland,Tennessee,0.3379590324866121
Maryland,Texas Tech,0.29659855318269635
Maryland,UC Irvine,0.7473014395688221
Maryland,UCF,0.5622025142001
Maryland,Utah St,0.60506887432462
Maryland,VCU,0.6808579029283715
Maryland,Vermont,0.7830131479976958
Maryland,Villanova,0.3837618762867204
Maryland,Virginia,0.19559804619817966
Maryland,Virginia Tech,0.4067166097223541
Maryland,Washington,0.5585406203451652
Maryland,Wisconsin,0.5326756268582364
Maryland,Wofford,0.7710364281451686
Maryland,Yale,0.8394694043415871
Michigan,Michigan St,0.4368573958981802
Michigan,Minnesota,0.7776358749482709
Michigan,Mississippi,0.7737137290022941
Michigan,Mississippi St,0.6459972686632236
Michigan,Montana,0.9137658768127961
Michigan,Murray St,0.8165865924725321
Michigan,N Dakota St,0.9560085369631827
Michigan,N Kentucky,0.890607340456455
Michigan,NC Central,0.9863857081841864
Michigan,Nevada,0.6163048984715767
Michigan,New Mexico St,0.7618180424206903
Michigan,North Carolina,0.4001042936946696
Michigan,Northeastern,0.8544762824524941
Michigan,Ohio St,0.7178825974954842
Michigan,Oklahoma,0.7429395934801636
Michigan,Old Dominion,0.8602692686118755
Michigan,Oregon,0.6360372258200591
Michigan,Prairie View,0.9787162373728122
Michigan,Purdue,0.5209790724013582
Michigan,Seton Hall,0.7154205347234988
Michigan,St John's,0.7855476725395032
Michigan,St Louis,0.852112816445194
Michigan,St Mary's CA,0.7584260709000147
Michigan,Syracuse,0.6911684230270871
Michigan,Temple,0.7565943665474415
Michigan,Tennessee,0.4745032917864369
Michigan,Texas Tech,0.42721553558912484
Michigan,UC Irvine,0.8395116103109896
Michigan,UCF,0.6943282618555165
Michigan,Utah St,0.730460122853349
Michigan,VCU,0.7905169983253575
Michigan,Vermont,0.864553927505071
Michigan,Villanova,0.5241602145879338
Michigan,Virginia,0.3007540050515036
Michigan,Virginia Tech,0.5480442760301054
Michigan,Washington,0.6911644227706778
Michigan,Wisconsin,0.6684574170209292
Michigan,Wofford,0.8562516468394967
Michigan,Yale,0.9024380834630593
Michigan St,Minnesota,0.8193227292788274
Michigan St,Mississippi,0.8159618562634293
Michigan St,Mississippi St,0.7029351457460937
Michigan St,Montana,0.9321587005590353
Michigan St,Murray St,0.8523576983828903
Michigan St,N Dakota St,0.9657293645964306
Michigan St,N Kentucky,0.9134718963954518
Michigan St,NC Central,0.9894680174799743
Michigan St,Nevada,0.6756204302503175
Michigan St,New Mexico St,0.8057294648772997
Michigan St,North Carolina,0.4637618857115784
Michigan St,Northeastern,0.8839083251407966
Michigan St,Ohio St,0.7674211168152563
Michigan St,Oklahoma,0.7893691731295593
Michigan St,Old Dominion,0.8886823196824402
Michigan St,Oregon,0.6938177928373424
Michigan St,Prairie View,0.9835058983617713
Michigan St,Purdue,0.5851106444849462
Michigan St,Seton Hall,0.7652500086175642
Michigan St,St John's,0.8260830159826102
Michigan St,St Louis,0.8819568326333624
Michigan St,St Mary's CA,0.8028009670453865
Michigan St,Syracuse,0.7437232300280086
Michigan St,Temple,0.8012175422501553
Michigan St,Tennessee,0.5393554563717318
Michigan St,Texas Tech,0.4916514428605866
Michigan St,UC Irvine,0.8715151457887291
Michigan St,UCF,0.7465425358525061
Michigan St,Utah St,0.7784716154633543
Michigan St,VCU,0.8303159438294043
Michigan St,Vermont,0.8922049006537286
Michigan St,Villanova,0.5882025322633652
Michigan St,Virginia,0.35803881841372287
Michigan St,Virginia Tech,0.6112561283936129
Michigan St,Washington,0.743719658095385
Michigan St,Wisconsin,0.7233299713152528
Michigan St,Wofford,0.8853727920131981
Michigan St,Yale,0.923043523926768
Minnesota,Mississippi,0.49000995691666627
Minnesota,Mississippi St,0.3389726238945727
Minnesota,Montana,0.7485966827256554
Minnesota,Murray St,0.5557728764415324
Minnesota,N Dakota St,0.8592899110238684
Minnesota,N Kentucky,0.6958458035468407
Minnesota,NC Central,0.9531830122287644
Minnesota,Nevada,0.31099472462686073
Minnesota,New Mexico St,0.4733518431729593
Minnesota,North Carolina,0.15783880829178676
Minnesota,Northeastern,0.6226433477943973
Minnesota,Ohio St,0.4169312372446874
Minnesota,Oklahoma,0.4481711099656931
Minnesota,Old Dominion,0.6337089784898537
Minnesota,Oregon,0.3293423403925413
Minnesota,Prairie View,0.9281712029886325
Minnesota,Purdue,0.234082477936584
Minnesota,Seton Hall,0.41398672049660334
Minnesota,St John's,0.5072312780048478
Minnesota,St Louis,0.61819706144239
Minnesota,St Mary's CA,0.46871672191933156
Minnesota,Syracuse,0.38608970215545124
Minnesota,Temple,0.46623431716349184
Minnesota,Tennessee,0.20238698176271697
Minnesota,Texas Tech,0.17327568634269708
Minnesota,UC Irvine,0.5951344118492241
Minnesota,UCF,0.38961437063564497
Minnesota,Utah St,0.4323159667136288
Minnesota,VCU,0.5146652943163761
Minnesota,Vermont,0.6420501579119446
Minnesota,Villanova,0.23637625066494372
Minnesota,Virginia,0.10783233757534982
Minnesota,Virginia Tech,0.2541509800820795
Minnesota,Washington,0.38608526021332645
Minnesota,Wisconsin,0.36166378561550383
Minnesota,Wofford,0.626009121981378
Minnesota,Yale,0.7221690286040244
Mississippi,Mississippi St,0.3514037014901844
Mississippi,Montana,0.7588057154744352
Mississippi,Murray St,0.5693071423265509
Mississippi,N Dakota St,0.8658096568155446
Mississippi,N Kentucky,0.7073595600315332
Mississippi,NC Central,0.9555771670496196
Mississippi,Nevada,0.3229009719293695
Mississippi,New Mexico St,0.4870797278737595
Mississippi,North Carolina,0.16528818676351298
Mississippi,Northeastern,0.635476534974516
Mississippi,Ohio St,0.4303599576279935
Mississippi,Oklahoma,0.4618090854652033
Mississippi,Old Dominion,0.6463795701344371
Mississippi,Oregon,0.34160275782240157
Mississippi,Prairie View,0.9317528461964997
Mississippi,Purdue,0.24408731967485497
Mississippi,Seton Hall,0.4273901191431777
Mississippi,St John's,0.5209697567339271
Mississippi,St Louis,0.6310918685726732
Mississippi,St Mary's CA,0.48243332093059466
Mississippi,Syracuse,0.39920517899514096
Mississippi,Temple,0.47994389623996314
Mississippi,Tennessee,0.21141106184806413
Mississippi,Texas Tech,0.18129678412012407
Mississippi,UC Irvine,0.6083146153484019
Mississippi,UCF,0.402771026707184
Mississippi,Utah St,0.4458612923303864
Mississippi,VCU,0.5283892180203641
Mississippi,Vermont,0.6545894840707116
Mississippi,Villanova,0.2464475845134514
Mississippi,Virginia,0.1132389509541647
Mississippi,Virginia Tech,0.2647171097342469
Mississippi,Washington,0.39920068427958444
Mississippi,Wisconsin,0.3744556202570172
Mississippi,Wofford,0.6387942477875472
Mississippi,Yale,0.7330685708039182
Mississippi St,Montana,0.8562514843612468
Mississippi St,Murray St,0.7145080926826728
Mississippi St,N Dakota St,0.9243351912781922
Mississippi St,N Kentucky,0.8206783579615649
Mississippi St,NC Central,0.9760353200388524
Mississippi St,Nevada,0.474493140582284
Mississippi St,New Mexico St,0.642599156588568
Mississippi St,North Carolina,0.27268542869298973
Mississippi St,Northeastern,0.7674806836683546
Mississippi St,Ohio St,0.5885496855610491
Mississippi St,Oklahoma,0.6189971897484814
Mississippi St,Old Dominion,0.7758282315280873
Mississippi St,Oregon,0.4955490781341958
Mississippi St,Prairie View,0.9627552284721047
Mississippi St,Purdue,0.37941215519181415
Mississippi St,Seton Hall,0.5856104522469281
Mississippi St,St John's,0.6731097766516132
Mississippi St,St Louis,0.7640943906822217
Mississippi St,St Mary's CA,0.6383154372966351
Mississippi St,Syracuse,0.5571436870810009
Mississippi St,Temple,0.636010090904022
Mississippi St,Tennessee,0.33668883850490305
Mississippi St,Texas Tech,0.29541444481283063
Mississippi St,UC Irvine,0.7462268809206933
Mississippi St,UCF,0.5608034411224574
Mississippi St,Utah St,0.6037102281714353
Mississippi St,VCU,0.6796219328783772
Mississippi St,Vermont,0.7820461573535522
Mississippi St,Villanova,0.3824189738529189
Mississippi St,Virginia,0.1947055468504284
Mississippi St,Virginia Tech,0.4053462178268825
Mississippi St,Washington,0.5571390631514873
Mississippi St,Wisconsin,0.5312608670113391
Mississippi St,Wofford,0.7700317395217406
Mississippi St,Yale,0.8387021805604971
Montana,Murray St,0.29363166882915237
Montana,N Dakota St,0.669864060606318
Montana,N Kentucky,0.4318662052227783
Montana,NC Central,0.8712129749625275
Montana,Nevada,0.1304135289452668
Montana,New Mexico St,0.22996158478131412
Montana,North Carolina,0.058622175317442515
Montana,Northeastern,0.3541032110968436
Montana,Ohio St,0.1919764924078491
Montana,Oklahoma,0.21250402650493638
Montana,Old Dominion,0.36501272582012834
Montana,Oregon,0.1402764867925258
Montana,Prairie View,0.8110881638336864
Montana,Purdue,0.09218565378924437
Montana,Seton Hall,0.19010270577134836
Montana,St John's,0.2548505937068596
Montana,St Louis,0.34979697676269794
Montana,St Mary's CA,0.22668393000962572
Montana,Syracuse,0.1728426217512502
Montana,Temple,0.22494064983275663
Montana,Tennessee,0.07775297257519931
Montana,Texas Tech,0.06510567395255273
Montana,UC Irvine,0.3281416279281396
Montana,UCF,0.17497538920882116
Montana,Utah St,0.20193524478800096
Montana,VCU,0.26054142400520885
Montana,Vermont,0.37342276550635445
Montana,Villanova,0.09325828144385073
Montana,Virginia,0.03860843920782331
Montana,Virginia Tech,0.10170435650372889
Montana,Washington,0.17283994247794687
Montana,Wisconsin,0.1584262425684393
Montana,Wofford,0.35739218540514595
Montana,Yale,0.4634184582916753
Murray St,N Dakota St,0.8325625101743073
Murray St,N Kentucky,0.650693013108588
Murray St,NC Central,0.9431095158903526
Murray St,Nevada,0.26874889250909406
Murray St,New Mexico St,0.4225777857108297
Murray St,North Carolina,0.13239994665798116
Murray St,Northeastern,0.5732874471513929
Murray St,Ohio St,0.3679805018082344
Murray St,Oklahoma,0.39805655766373294
Murray St,Old Dominion,0.584835355807845
Murray St,Oregon,0.2856373941889987
Murray St,Prairie View,0.9132060211659527
Murray St,Purdue,0.19926292814234625
Murray St,Seton Hall,0.36516518235085027
Murray St,St John's,0.45596951060110524
Murray St,St Louis,0.5686624818657862
Murray St,St Mary's CA,0.418045191872913
Murray St,Syracuse,0.3386568325980269
Murray St,Temple,0.41562121107401706
Murray St,Tennessee,0.17122809716956666
Murray St,Texas Tech,0.14577953500970353
Murray St,UC Irvine,0.544810862806449
Murray St,UCF,0.3419897019448165
Murray St,Utah St,0.3827446508109491
Murray St,VCU,0.46335868713347617
Murray St,Vermont,0.5935757035150148
Murray St,Villanova,0.20130518059982772
Murray St,Virginia,0.0895955773316437
Murray St,Virginia Tech,0.21719277027067108
Murray St,Washington,0.3386526353359611
Murray St,Wisconsin,0.3156886434227474
Murray St,Wofford,0.5767942280161595
Murray St,Yale,0.6791220077780964
N Dakota St,N Kentucky,0.2780239721620317
N Dakota St,NC Central,0.7741129877191205
N Dakota St,Nevada,0.07061038160594779
N Dakota St,New Mexico St,0.13140741920226595
N Dakota St,North Carolina,0.03058227515598877
N Dakota St,Northeastern,0.21736392641072244
N Dakota St,Ohio St,0.10743036118224936
N Dakota St,Oklahoma,0.12026312554129415
N Dakota St,Old Dominion,0.22553166225962162
N Dakota St,Oregon,0.07634761923189126
N Dakota St,Prairie View,0.6850445877201352
N Dakota St,Purdue,0.048926189209435256
N Dakota St,Seton Hall,0.10627325309730218
N Dakota St,St John's,0.14767540768137255
N Dakota St,St Louis,0.21416918777749827
N Dakota St,St Mary's CA,0.12929859678017075
N Dakota St,Syracuse,0.09572474401263364
N Dakota St,Temple,0.12818010683393022
N Dakota St,Tennessee,0.04096066752136118
N Dakota St,Texas Tech,0.03407687397054415
N Dakota St,UC Irvine,0.19834892221243083
N Dakota St,UCF,0.09701753788644885
N Dakota St,Utah St,0.11362000603666311
N Dakota St,VCU,0.15145945806951522
N Dakota St,Vermont,0.23190166722610506
N Dakota St,Villanova,0.04952292912283729
N Dakota St,Virginia,0.019938664461015665
N Dakota St,Virginia Tech,0.05424500761207818
N Dakota St,Washington,0.09572312182062825
N Dakota St,Wisconsin,0.0870635467654467
N Dakota St,Wofford,0.21981507499553
N Dakota St,Yale,0.3043577765633634
N Kentucky,NC Central,0.9007157738471601
N Kentucky,Nevada,0.16744689767071197
N Kentucky,New Mexico St,0.2859672611782781
N Kentucky,North Carolina,0.07707600450494023
N Kentucky,Northeastern,0.423706850876462
N Kentucky,Ohio St,0.24163406627623174
N Kentucky,Oklahoma,0.26572519654044635
N Kentucky,Old Dominion,0.4353155056170416
N Kentucky,Oregon,0.1795323879389823
N Kentucky,Prairie View,0.8520250565931369
N Kentucky,Purdue,0.11985977501039824
N Kentucky,Seton Hall,0.23941920947995587
N Kentucky,St John's,0.3144426119248024
N Kentucky,St Louis,0.4191034040891838
N Kentucky,St Mary's CA,0.28218387733494155
N Kentucky,Syracuse,0.21889167850027968
N Kentucky,Temple,0.2801684154306333
N Kentucky,Tennessee,0.10157920778096985
N Kentucky,Texas Tech,0.08541527587472175
N Kentucky,UC Irvine,0.395769062825433
N Kentucky,UCF,0.2214405432555856
N Kentucky,Utah St,0.25336108275322977
N Kentucky,VCU,0.3208910860478651
N Kentucky,Vermont,0.44421219801834566
N Kentucky,Villanova,0.12121141153448678
N Kentucky,Virginia,0.05110410615711647
N Kentucky,Virginia Tech,0.13182105990497728
N Kentucky,Washington,0.21888847430545721
N Kentucky,Wisconsin,0.2015704365712404
N Kentucky,Wofford,0.42721470848999477
N Kentucky,Yale,0.5366562536926189
NC Central,Nevada,0.021466672728003844
NC Central,New Mexico St,0.04185555717715195
NC Central,North Carolina,0.009026909097381686
NC Central,Northeastern,0.07424101749810985
NC Central,Ohio St,0.03358661486298109
NC Central,Oklahoma,0.037973876025622855
NC Central,Old Dominion,0.07756371526324612
NC Central,Oregon,0.023311037169294502
NC Central,Prairie View,0.3857649307980777
NC Central,Purdue,0.014636658523404233
NC Central,Seton Hall,0.03319528126804483
NC Central,St John's,0.04764532033677904
NC Central,St Louis,0.07295376388311925
NC Central,St Mary's CA,0.04111583241692074
NC Central,Syracuse,0.02965965051349706
NC Central,Temple,0.040724483671567224
NC Central,Tennessee,0.012182202799999708
NC Central,Texas Tech,0.01008402442991263
NC Central,UC Irvine,0.06667968723283679
NC Central,UCF,0.030089902878479458
NC Central,Utah St,0.03569185102345451
NC Central,VCU,0.04901358685136514
NC Central,Vermont,0.08018716950906746
NC Central,Villanova,0.014821695631328069
NC Central,Virginia,0.005840061748925041
NC Central,Virginia Tech,0.016291679167664053
NC Central,Washington,0.029659111168097718
NC Central,Wisconsin,0.02679888808963682
NC Central,Wofford,0.07523335792491148
NC Central,Yale,0.11216310627400061
Nevada,New Mexico St,0.6705120466387899
Nevada,North Carolina,0.29792435929194094
Nevada,Northeastern,0.7888452205380103
Nevada,Ohio St,0.618175610049768
Nevada,Oklahoma,0.6477429307213711
Nevada,Old Dominion,0.7966290146062736
Nevada,Oregon,0.5264838275247089
Nevada,Prairie View,0.9669500355791463
Nevada,Purdue,0.4089747394795026
Nevada,Seton Hall,0.6153096821605308
Nevada,St John's,0.6997531646960695
Nevada,St Louis,0.7856831842004344
Nevada,St Mary's CA,0.6663891962846074
Nevada,Syracuse,0.587445827788316
Nevada,Temple,0.6641686456180763
Nevada,Tennessee,0.3648797919037192
Nevada,Texas Tech,0.32182623421903134
Nevada,UC Irvine,0.7689563856287102
Nevada,UCF,0.5910389790186402
Nevada,Utah St,0.6329253710926193
Nevada,VCU,0.705966402333027
Nevada,Vermont,0.8024169183832219
Nevada,Villanova,0.4120602805899938
Nevada,Virginia,0.21485907346385258
Nevada,Virginia Tech,0.4355114304157518
Nevada,Washington,0.5874412859653177
Nevada,Wisconsin,0.5619415485837644
Nevada,Wofford,0.7912256404368626
Nevada,Yale,0.8547610839093258
New Mexico St,North Carolina,0.17205361206879888
New Mexico St,Northeastern,0.6465795831923489
New Mexico St,Ohio St,0.44222694442799715
New Mexico St,Oklahoma,0.47382194168549807
New Mexico St,Old Dominion,0.6573295995490176
New Mexico St,Oregon,0.35253696798753886
New Mexico St,Prairie View,0.9347580817761494
New Mexico St,Purdue,0.25310009807629463
New Mexico St,Seton Hall,0.4392383592737735
New Mexico St,St John's,0.5329974633010068
New Mexico St,St Louis,0.6422532849886154
New Mexico St,St Mary's CA,0.4944897402140698
New Mexico St,Syracuse,0.41083266694579823
New Mexico St,Temple,0.4919972420115504
New Mexico St,Tennessee,0.21956775239398418
New Mexico St,Texas Tech,0.18856943160723805
New Mexico St,UC Irvine,0.6197499429560613
New Mexico St,UCF,0.4144307319157339
New Mexico St,Utah St,0.4578121917278225
New Mexico St,VCU,0.5403949814543414
New Mexico St,Vermont,0.6654168825357636
New Mexico St,Villanova,0.25551805486472423
New Mexico St,Virginia,0.11817556346194857
New Mexico St,Virginia Tech,0.2742153006139473
New Mexico St,Washington,0.41082813083568726
New Mexico St,Wisconsin,0.3858251744687312
New Mexico St,Wofford,0.649851922629187
New Mexico St,Yale,0.7424040103304779
North Carolina,Northeastern,0.8972937850539648
North Carolina,Ohio St,0.7910628230613705
North Carolina,Oklahoma,0.8113283546159075
North Carolina,Old Dominion,0.9015786252804656
North Carolina,Oregon,0.7222332732633057
North Carolina,Prairie View,0.9855948320087546
North Carolina,Purdue,0.6180610873058614
North Carolina,Seton Hall,0.7890517444368412
North Carolina,St John's,0.8449663631397553
North Carolina,St Louis,0.8955407098798427
North Carolina,St Mary's CA,0.8236726262585108
North Carolina,Syracuse,0.7690488888494951
North Carolina,Temple,0.8222196791090859
North Carolina,Tennessee,0.5732896549961165
North Carolina,Texas Tech,0.5260115438621898
North Carolina,UC Irvine,0.8861454894805879
North Carolina,UCF,0.7716751199707921
North Carolina,Utah St,0.8012809037572477
North Carolina,VCU,0.8488238013376406
North Carolina,Vermont,0.9047368566445101
North Carolina,Villanova,0.6210664473969867
North Carolina,Virginia,0.3902291973913763
North Carolina,Virginia Tech,0.6433956366895744
North Carolina,Washington,0.7690455602857308
North Carolina,Wisconsin,0.7499934714747807
North Carolina,Wofford,0.8986087666630415
North Carolina,Yale,0.9322624627224989
Northeastern,Ohio St,0.30798154269795286
Northeastern,Oklahoma,0.33575889366477185
Northeastern,Old Dominion,0.5184847492593418
Northeastern,Oregon,0.2340916139346242
Northeastern,Prairie View,0.8894112909236234
Northeastern,Purdue,0.15981705247166145
Northeastern,Seton Hall,0.3054034445184485
Northeastern,St John's,0.3904878977784878
Northeastern,St Louis,0.5019284184205759
Northeastern,St Mary's CA,0.35446135846369486
Northeastern,Syracuse,0.28131097013258644
Northeastern,Temple,0.3521829437617763
Northeastern,Tennessee,0.13638669824080785
Northeastern,Texas Tech,0.11539539219737682
Northeastern,UC Irvine,0.47777545260741294
Northeastern,UCF,0.284322103760298
Northeastern,Utah St,0.32156320211816924
Northeastern,VCU,0.39759143809346775
Northeastern,Vermont,0.52749339070601
Northeastern,Villanova,0.1615365806158019
Northeastern,Virginia,0.06996250526546344
Northeastern,Virginia Tech,0.17497311359728673
Northeastern,Washington,0.28130718128975307
Northeastern,Wisconsin,0.260698920688219
Northeastern,Wofford,0.5102347150903055
Northeastern,Yale,0.617997522514562
Ohio St,Oklahoma,0.5328933978525212
Ohio St,Old Dominion,0.7084748910574028
Ohio St,Oregon,0.4082186612956473
Ohio St,Prairie View,0.9477849838459039
Ohio St,Purdue,0.3003621031009349
Ohio St,Seton Hall,0.49807957445287054
Ohio St,St John's,0.5911578527070621
Ohio St,St Louis,0.6946033377225185
Ohio St,St Mary's CA,0.5534277564864991
Ohio St,Syracuse,0.46905154515714587
Ohio St,Temple,0.5509619694798898
Ohio St,Tennessee,0.2627711010721798
Ohio St,Texas Tech,0.22745100465484724
Ohio St,UC Irvine,0.6737200613084331
Ohio St,UCF,0.4727503602323352
Ohio St,Utah St,0.5168482573946701
Ohio St,VCU,0.598328374369698
Ohio St,Vermont,0.7158768473403316
Ohio St,Villanova,0.3030483741036476
Ohio St,Virginia,0.14513866572429368
Ohio St,Virginia Tech,0.3237113233696065
Ohio St,Washington,0.469046877989872
Ohio St,Wisconsin,0.4431658645228318
Ohio St,Wofford,0.7016066526540478
Ohio St,Yale,0.7850046302512762
Oklahoma,Old Dominion,0.6772049942266567
Oklahoma,Oregon,0.3732343593207702
Oklahoma,Prairie View,0.9400107328350081
Oklahoma,Purdue,0.2703976367852866
Oklahoma,Seton Hall,0.4613985524823909
Oklahoma,St John's,0.5552045332311657
Oklahoma,St Louis,0.6625542226626187
Oklahoma,St Mary's CA,0.5168681252536067
Oklahoma,Syracuse,0.4326654919957882
Oklahoma,Temple,0.5143776057056786
Oklahoma,Tennessee,0.23529555097963806
Oklahoma,Texas Tech,0.20265337331517597
Oklahoma,UC Irvine,0.6406133032543488
Oklahoma,UCF,0.43631316506569195
Oklahoma,Utah St,0.48010716479040905
Oklahoma,VCU,0.5625389989190146
Oklahoma,Vermont,0.6850479544648902
Oklahoma,Villanova,0.2729204602819191
Oklahoma,Virginia,0.12783016840797146
Oklahoma,Virginia Tech,0.29239098638664474
Oklahoma,Washington,0.43266089184998413
Oklahoma,Wisconsin,0.4072476479013496
Oklahoma,Wofford,0.6699432570918891
Oklahoma,Yale,0.7591529531699831
Old Dominion,Oregon,0.22621112648779573
Old Dominion,Prairie View,0.8849598904237529
Old Dominion,Purdue,0.153934417638787
Old Dominion,Seton Hall,0.29605024195410345
Old Dominion,St John's,0.37995431745248176
Old Dominion,St Louis,0.4908093879984896
Old Dominion,St Mary's CA,0.34435056275507037
Old Dominion,Syracuse,0.2724062479482936
Old Dominion,Temple,0.3421026968417966
Old Dominion,Tennessee,0.1312317930738841
Old Dominion,Texas Tech,0.11093196754742185
Old Dominion,UC Irvine,0.46669013358740574
Old Dominion,UCF,0.27535858523828394
Old Dominion,Utah St,0.3119373525130623
Old Dominion,VCU,0.38698789963576785
Old Dominion,Vermont,0.5163951951071286
Old Dominion,Villanova,0.15560237440090352
Old Dominion,Virginia,0.06712305374336347
Old Dominion,Virginia Tech,0.1686445842939055
Old Dominion,Washington,0.2724025335808914
Old Dominion,Wisconsin,0.25221768428879954
Old Dominion,Wofford,0.49911607054146123
Old Dominion,Yale,0.6074431095234847
Oregon,Prairie View,0.9639255000440314
Oregon,Purdue,0.38724587321037496
Oregon,Seton Hall,0.5936291132906799
Oregon,St John's,0.6803594463868896
Oregon,St Louis,0.7700156721188304
Oregon,St Mary's CA,0.6459308575810341
Oregon,Syracuse,0.5653043042281096
Oregon,Temple,0.6436469527261816
Oregon,Tennessee,0.3441295968889787
Oregon,Texas Tech,0.30235883754346304
Oregon,UC Irvine,0.752451344230835
Oregon,UCF,0.5689487954755155
Oregon,Utah St,0.6116109355466943
Oregon,VCU,0.6867943804322292
Oregon,Vermont,0.7876420749331581
Oregon,Villanova,0.39027573160472817
Oregon,Virginia,0.1999543891016614
Oregon,Virginia Tech,0.4133587388195308
Oregon,Washington,0.5652996990243575
Oregon,Wisconsin,0.5395042206307323
Oregon,Wofford,0.7758477108201087
Oregon,Yale,0.8431352405627823
Prairie View,Purdue,0.02299995804532584
Prairie View,Seton Hall,0.05160747778533936
Prairie View,St John's,0.07346340126461404
Prairie View,St Louis,0.11088916945262584
Prairie View,St Mary's CA,0.06363211674977043
Prairie View,Syracuse,0.04620448522815024
Prairie View,Temple,0.06304054330883369
Prairie View,Tennessee,0.019170325940491728
Prairie View,Texas Tech,0.015887919868527334
Prairie View,UC Irvine,0.10171056143423718
Prairie View,UCF,0.04686315108625838
Prairie View,Utah St,0.05540943960125344
Prairie View,VCU,0.07551431483132875
Prairie View,Vermont,0.1213913685974014
Prairie View,Villanova,0.02328822543736675
Prairie View,Virginia,0.009224090195892765
Prairie View,Virginia Tech,0.025576101836869092
Prairie View,Washington,0.046203659349185355
Prairie View,Wisconsin,0.04181669453338921
Prairie View,Wofford,0.11420810247636026
Prairie View,Yale,0.16681823391985073
Purdue,Seton Hall,0.7027297258845437
Purdue,St John's,0.7750006410101176
Purdue,St Louis,0.8441902066548684
Purdue,St Mary's CA,0.74697480666313
Purdue,Syracuse,0.6778830458181488
Purdue,Temple,0.7450854582034743
Purdue,Tennessee,0.4591902974658746
Purdue,Texas Tech,0.4122314657949392
Purdue,UC Irvine,0.8310477783800254
Purdue,UCF,0.6811161010205001
Purdue,Utah St,0.7181758002905383
Purdue,VCU,0.7801459639711219
Purdue,Vermont,0.8571861083213101
Purdue,Villanova,0.5087962921071898
Purdue,Virginia,0.2879754183493868
Purdue,Virginia Tech,0.5327641032604292
Purdue,Washington,0.6778789536780865
Purdue,Wisconsin,0.654683168612293
Purdue,Wofford,0.8485113440599029
Purdue,Yale,0.8968852503194029
Seton Hall,St John's,0.5862408854309367
Seton Hall,St Louis,0.6902786546733312
Seton Hall,St Mary's CA,0.5484036639753744
Seton Hall,Syracuse,0.4639975640331051
Seton Hall,Temple,0.5459328964456382
Seton Hall,Tennessee,0.2588561495245896
Seton Hall,Texas Tech,0.22390245858230795
Seton Hall,UC Irvine,0.6692404727869639
Seton Hall,UCF,0.4676916308899115
Seton Hall,Utah St,0.5117756792361248
Seton Hall,VCU,0.593438335563378
Seton Hall,Vermont,0.7117283915200912
Seton Hall,Villanova,0.29877653704838125
Seton Hall,Virginia,0.14263720296346216
Seton Hall,Virginia Tech,0.3192816507549515
Seton Hall,Washington,0.4639929032074579
Seton Hall,Wisconsin,0.43816062628971086
Seton Hall,Wofford,0.6973379296145501
Seton Hall,Yale,0.7815575165801585
St John's,St Louis,0.6113023385589058
St John's,St Mary's CA,0.46147411386870074
St John's,Syracuse,0.3792125425543673
St John's,Temple,0.4589969281126486
St John's,Tennessee,0.19772809549518833
St John's,Texas Tech,0.16914482222078553
St John's,UC Irvine,0.5881007083133656
St John's,UCF,0.3827135673079102
St John's,Utah St,0.4251856831184698
St John's,VCU,0.5073907567454679
St John's,Vermont,0.635332088948114
St John's,Villanova,0.23116170109548295
St John's,Virginia,0.10506336114013115
St John's,Virginia Tech,0.24867200517633636
St John's,Washington,0.3792081308608901
St John's,Wisconsin,0.35497013876557026
St John's,Wofford,0.6191685660054904
St John's,Yale,0.7162901951700259
St Louis,St Mary's CA,0.34769041591230243
St Louis,Syracuse,0.27534135104426216
St Louis,Temple,0.3454322344781593
St Louis,Tennessee,0.1329236717191824
St Louis,Texas Tech,0.11239599353538354
St Louis,UC Irvine,0.4703653072084416
St Louis,UCF,0.2783133310169007
St Louis,Utah St,0.3151139232836919
St Louis,VCU,0.39049499421919787
St Louis,Vermont,0.5200800788149222
St Louis,Villanova,0.15755146673972364
St Louis,Virginia,0.06805316662568861
St Louis,Virginia Tech,0.17072401429048223
St Louis,Washington,0.2753376118005092
St Louis,Wisconsin,0.2550115010485633
St Louis,Wofford,0.502805849755223
St Louis,Yale,0.6109569022605232
St Mary's CA,Syracuse,0.4155426458174071
St Mary's CA,Temple,0.49685301865907383
St Mary's CA,Tennessee,0.2229146194161239
St Mary's CA,Texas Tech,0.19155977023782467
St Mary's CA,UC Irvine,0.6243170287286894
St Mary's CA,UCF,0.4191526141825779
St Mary's CA,Utah St,0.4626378392638899
St Mary's CA,VCU,0.5452157676270062
St Mary's CA,Vermont,0.6697277734376873
St Mary's CA,Villanova,0.2592308896083647
St Mary's CA,Virginia,0.12021497751884136
St Mary's CA,Virginia Tech,0.2780983319167588
St Mary's CA,Washington,0.41553809438154454
St Mary's CA,Wisconsin,0.39043844888748647
St Mary's CA,Wofford,0.6542591581109991
St Mary's CA,Yale,0.7461014550003378
Syracuse,Temple,0.5851558047535441
Syracuse,Tennessee,0.29065640780382274
Syracuse,Texas Tech,0.2528737829976715
Syracuse,UC Irvine,0.7035949473446284
Syracuse,UCF,0.5075769849876974
Syracuse,Utah St,0.5515253094524784
Syracuse,VCU,0.6313288310492778
Syracuse,Vermont,0.7433621315175665
Syracuse,Villanova,0.33327567930579827
Syracuse,Virginia,0.16330598971863663
Syracuse,Virginia Tech,0.3549499875473576
Syracuse,Washington,0.5038614003585818
Syracuse,Wisconsin,0.4777880352848328
Syracuse,Wofford,0.7299516488772773
Syracuse,Yale,0.8075999538503653
Temple,Tennessee,0.22433957699139961
Temple,Texas Tech,0.1928340327297111
Temple,UC Irvine,0.6262400746941981
Temple,UCF,0.4211521461716331
Temple,Utah St,0.46467885942886433
Temple,VCU,0.5472500841912091
Temple,Vermont,0.6715406643397759
Temple,Villanova,0.26081008015686014
Temple,Virginia,0.12108573425554114
Temple,Virginia Tech,0.27974905403765504
Temple,Washington,0.4175327782905961
Temple,Wisconsin,0.3923935386977745
Temple,Wofford,0.6561133593419455
Temple,Yale,0.747653083113894
Tennessee,Texas Tech,0.4548787740633313
Tennessee,UC Irvine,0.8540645399214255
Tennessee,UCF,0.7176180068221161
Tennessee,Utah St,0.7519802880663413
Tennessee,VCU,0.8084992693372546
Tennessee,Vermont,0.8771682944608086
Tennessee,Villanova,0.5520506838777834
Tennessee,Virginia,0.32487303110584487
Tennessee,Virginia Tech,0.5756681251227684
Tennessee,Washington,0.7145961395137665
Tennessee,Wisconsin,0.6928463248791222
Tennessee,Wofford,0.8695225303222447
Tennessee,Yale,0.9118838227186902
Texas Tech,UC Irvine,0.8737378889739358
Texas Tech,UCF,0.7503078460084674
Texas Tech,Utah St,0.781901167719239
Texas Tech,VCU,0.8331149389510968
Texas Tech,Vermont,0.8941132053037915
Texas Tech,Villanova,0.5930378191207133
Texas Tech,Virginia,0.3626482839994508
Texas Tech,Virginia Tech,0.615997441611815
Texas Tech,Washington,0.7475127211729682
Texas Tech,Wisconsin,0.7273141640830996
Texas Tech,Wofford,0.8873867798855791
Texas Tech,Yale,0.9244521177403159
UC Irvine,UCF,0.3006443167194892
UC Irvine,Utah St,0.33901061886623984
UC Irvine,VCU,0.41663073368256853
UC Irvine,Vermont,0.5471037718098315
UC Irvine,Villanova,0.17250905169622244
UC Irvine,Virginia,0.07527317283871415
UC Irvine,Virginia Tech,0.18665509148546944
UC Irvine,Washington,0.2975282692164569
UC Irvine,Wisconsin,0.2761883392643554
UC Irvine,Wofford,0.5299230621393067
UC Irvine,Yale,0.6364405607419967
UCF,Utah St,0.5416921979900593
UCF,VCU,0.6220463859365148
UCF,Vermont,0.7357196649646558
UCF,Villanova,0.32451806885727785
UCF,Virginia,0.15795659236223136
UCF,Virginia Tech,0.3459183311307471
UCF,Washington,0.4939421344344538
UCF,Wisconsin,0.4678979864290025
UCF,Wofford,0.7220591460518077
UCF,Yale,0.8013592600509766
Utah St,VCU,0.5858739144688039
Utah St,Vermont,0.7052717972215166
Utah St,Villanova,0.2922680082819654
Utah St,Virginia,0.13885647118071698
Utah St,Virginia Tech,0.31252551988808885
Utah St,Washington,0.45622691806957405
Utah St,Wisconsin,0.43047976325183146
Utah St,Wofford,0.6906990927992547
Utah St,Yale,0.7761730735383929
VCU,Vermont,0.6267761188019705
VCU,Villanova,0.2246949290692698
VCU,Virginia,0.10165777280467647
VCU,Virginia Tech,0.24186948373597073
VCU,Washington,0.3705960891894249
VCU,Wisconsin,0.3466012232793061
VCU,Wofford,0.6104658772407235
VCU,Yale,0.7087629746803379
Vermont,Villanova,0.15050906676341025
Vermont,Virginia,0.06470399884347133
Vermont,Virginia Tech,0.1632068818381438
Vermont,Washington,0.2646844436009975
Vermont,Wisconsin,0.24487902016509056
Vermont,Wofford,0.48929412900439484
Vermont,Yale,0.5980346356285353
Villanova,Virginia,0.2844954387439924
Villanova,Virginia Tech,0.5285217631803065
Villanova,Washington,0.6741483340544503
Villanova,Wisconsin,0.650822286270258
Villanova,Wofford,0.8463088466989792
Villanova,Yale,0.8952992786322346
Virginia,Virginia Tech,0.740430338332192
Virginia,Washington,0.8403726388072443
Virginia,Wisconsin,0.8258722710077091
Virginia,Wofford,0.9333879028107059
Virginia,Yale,0.9560621777843668
Virginia Tech,Washington,0.649744176063662
Virginia Tech,Wisconsin,0.6256412622434603
Virginia Tech,Wofford,0.8315771455071651
Virginia Tech,Yale,0.8846232553363289
Washington,Wisconsin,0.4691122246260049
Washington,Wofford,0.7230367095411706
Washington,Yale,0.8021343420889433
Wisconsin,Wofford,0.7459711491206975
Wisconsin,Yale,0.8201481965053052
Wofford,Yale,0.6104174902396889
